algorithm,episodes,alpha,gamma,epsilon,episode,reward,steps,reached
montecarlo,2000,0.1,0.99,0.1,1,-12.6000,66,1
montecarlo,2000,0.1,0.99,0.1,2,-206.0000,200,0
montecarlo,2000,0.1,0.99,0.1,3,-93.6000,136,1
montecarlo,2000,0.1,0.99,0.1,4,8.6000,14,1
montecarlo,2000,0.1,0.99,0.1,5,8.8000,12,1
montecarlo,2000,0.1,0.99,0.1,6,1.6000,64,1
montecarlo,2000,0.1,0.99,0.1,7,5.8000,22,1
montecarlo,2000,0.1,0.99,0.1,8,-3.4000,114,1
montecarlo,2000,0.1,0.99,0.1,9,9.2000,8,1
montecarlo,2000,0.1,0.99,0.1,10,5.2000,28,1
montecarlo,2000,0.1,0.99,0.1,11,-3.1000,101,1
montecarlo,2000,0.1,0.99,0.1,12,7.2000,28,1
montecarlo,2000,0.1,0.99,0.1,13,5.1000,39,1
montecarlo,2000,0.1,0.99,0.1,14,3.8000,42,1
montecarlo,2000,0.1,0.99,0.1,15,0.3000,67,1
montecarlo,2000,0.1,0.99,0.1,16,8.8000,12,1
montecarlo,2000,0.1,0.99,0.1,17,6.6000,14,1
montecarlo,2000,0.1,0.99,0.1,18,7.4000,26,1
montecarlo,2000,0.1,0.99,0.1,19,-2.0000,80,1
montecarlo,2000,0.1,0.99,0.1,20,6.3000,27,1
montecarlo,2000,0.1,0.99,0.1,21,2.6000,54,1
montecarlo,2000,0.1,0.99,0.1,22,8.0000,20,1
montecarlo,2000,0.1,0.99,0.1,23,4.1000,49,1
montecarlo,2000,0.1,0.99,0.1,24,5.9000,31,1
montecarlo,2000,0.1,0.99,0.1,25,6.7000,23,1
montecarlo,2000,0.1,0.99,0.1,26,9.0000,10,1
montecarlo,2000,0.1,0.99,0.1,27,1.4000,66,1
montecarlo,2000,0.1,0.99,0.1,28,6.3000,27,1
montecarlo,2000,0.1,0.99,0.1,29,4.3000,47,1
montecarlo,2000,0.1,0.99,0.1,30,-0.7000,97,1
montecarlo,2000,0.1,0.99,0.1,31,8.6000,14,1
montecarlo,2000,0.1,0.99,0.1,32,7.4000,26,1
montecarlo,2000,0.1,0.99,0.1,33,8.1000,9,1
montecarlo,2000,0.1,0.99,0.1,34,6.4000,16,1
montecarlo,2000,0.1,0.99,0.1,35,4.5000,45,1
montecarlo,2000,0.1,0.99,0.1,36,3.8000,42,1
montecarlo,2000,0.1,0.99,0.1,37,7.1000,19,1
montecarlo,2000,0.1,0.99,0.1,38,4.1000,49,1
montecarlo,2000,0.1,0.99,0.1,39,5.5000,35,1
montecarlo,2000,0.1,0.99,0.1,40,1.3000,57,1
montecarlo,2000,0.1,0.99,0.1,41,1.5000,75,1
montecarlo,2000,0.1,0.99,0.1,42,8.0000,20,1
montecarlo,2000,0.1,0.99,0.1,43,0.4000,56,1
montecarlo,2000,0.1,0.99,0.1,44,6.5000,25,1
montecarlo,2000,0.1,0.99,0.1,45,4.9000,41,1
montecarlo,2000,0.1,0.99,0.1,46,3.8000,42,1
montecarlo,2000,0.1,0.99,0.1,47,6.1000,29,1
montecarlo,2000,0.1,0.99,0.1,48,8.2000,18,1
montecarlo,2000,0.1,0.99,0.1,49,6.6000,14,1
montecarlo,2000,0.1,0.99,0.1,50,-5.4000,134,1
montecarlo,2000,0.1,0.99,0.1,51,4.8000,32,1
montecarlo,2000,0.1,0.99,0.1,52,3.4000,46,1
montecarlo,2000,0.1,0.99,0.1,53,7.8000,22,1
montecarlo,2000,0.1,0.99,0.1,54,8.2000,18,1
montecarlo,2000,0.1,0.99,0.1,55,8.2000,18,1
montecarlo,2000,0.1,0.99,0.1,56,7.8000,22,1
montecarlo,2000,0.1,0.99,0.1,57,9.2000,8,1
montecarlo,2000,0.1,0.99,0.1,58,8.4000,16,1
montecarlo,2000,0.1,0.99,0.1,59,7.9000,11,1
montecarlo,2000,0.1,0.99,0.1,60,5.9000,31,1
montecarlo,2000,0.1,0.99,0.1,61,6.5000,25,1
montecarlo,2000,0.1,0.99,0.1,62,8.8000,12,1
montecarlo,2000,0.1,0.99,0.1,63,7.6000,24,1
montecarlo,2000,0.1,0.99,0.1,64,1.7000,53,1
montecarlo,2000,0.1,0.99,0.1,65,7.4000,26,1
montecarlo,2000,0.1,0.99,0.1,66,6.7000,23,1
montecarlo,2000,0.1,0.99,0.1,67,9.2000,8,1
montecarlo,2000,0.1,0.99,0.1,68,8.8000,12,1
montecarlo,2000,0.1,0.99,0.1,69,8.6000,14,1
montecarlo,2000,0.1,0.99,0.1,70,8.6000,14,1
montecarlo,2000,0.1,0.99,0.1,71,5.9000,31,1
montecarlo,2000,0.1,0.99,0.1,72,0.8000,92,1
montecarlo,2000,0.1,0.99,0.1,73,8.8000,12,1
montecarlo,2000,0.1,0.99,0.1,74,8.6000,14,1
montecarlo,2000,0.1,0.99,0.1,75,8.4000,16,1
montecarlo,2000,0.1,0.99,0.1,76,9.0000,10,1
montecarlo,2000,0.1,0.99,0.1,77,5.7000,33,1
montecarlo,2000,0.1,0.99,0.1,78,6.8000,32,1
montecarlo,2000,0.1,0.99,0.1,79,3.1000,59,1
montecarlo,2000,0.1,0.99,0.1,80,8.2000,18,1
montecarlo,2000,0.1,0.99,0.1,81,8.8000,12,1
montecarlo,2000,0.1,0.99,0.1,82,8.6000,14,1
montecarlo,2000,0.1,0.99,0.1,83,7.8000,22,1
montecarlo,2000,0.1,0.99,0.1,84,3.5000,55,1
montecarlo,2000,0.1,0.99,0.1,85,8.6000,14,1
montecarlo,2000,0.1,0.99,0.1,86,9.0000,10,1
montecarlo,2000,0.1,0.99,0.1,87,2.9000,41,1
montecarlo,2000,0.1,0.99,0.1,88,7.6000,24,1
montecarlo,2000,0.1,0.99,0.1,89,8.0000,20,1
montecarlo,2000,0.1,0.99,0.1,90,6.9000,21,1
montecarlo,2000,0.1,0.99,0.1,91,9.2000,8,1
montecarlo,2000,0.1,0.99,0.1,92,9.0000,10,1
montecarlo,2000,0.1,0.99,0.1,93,8.8000,12,1
montecarlo,2000,0.1,0.99,0.1,94,8.6000,14,1
montecarlo,2000,0.1,0.99,0.1,95,9.2000,8,1
montecarlo,2000,0.1,0.99,0.1,96,9.2000,8,1
montecarlo,2000,0.1,0.99,0.1,97,9.0000,10,1
montecarlo,2000,0.1,0.99,0.1,98,9.2000,8,1
montecarlo,2000,0.1,0.99,0.1,99,8.1000,9,1
montecarlo,2000,0.1,0.99,0.1,100,9.2000,8,1
montecarlo,2000,0.1,0.99,0.1,101,9.2000,8,1
montecarlo,2000,0.1,0.99,0.1,102,8.1000,9,1
montecarlo,2000,0.1,0.99,0.1,103,9.0000,10,1
montecarlo,2000,0.1,0.99,0.1,104,9.2000,8,1
montecarlo,2000,0.1,0.99,0.1,105,9.2000,8,1
montecarlo,2000,0.1,0.99,0.1,106,8.8000,12,1
montecarlo,2000,0.1,0.99,0.1,107,7.9000,11,1
montecarlo,2000,0.1,0.99,0.1,108,8.1000,9,1
montecarlo,2000,0.1,0.99,0.1,109,9.2000,8,1
montecarlo,2000,0.1,0.99,0.1,110,9.2000,8,1
montecarlo,2000,0.1,0.99,0.1,111,9.2000,8,1
montecarlo,2000,0.1,0.99,0.1,112,9.2000,8,1
montecarlo,2000,0.1,0.99,0.1,113,9.2000,8,1
montecarlo,2000,0.1,0.99,0.1,114,9.0000,10,1
montecarlo,2000,0.1,0.99,0.1,115,9.2000,8,1
montecarlo,2000,0.1,0.99,0.1,116,9.2000,8,1
montecarlo,2000,0.1,0.99,0.1,117,8.1000,9,1
montecarlo,2000,0.1,0.99,0.1,118,9.2000,8,1
montecarlo,2000,0.1,0.99,0.1,119,9.0000,10,1
montecarlo,2000,0.1,0.99,0.1,120,9.0000,10,1
montecarlo,2000,0.1,0.99,0.1,121,8.1000,9,1
montecarlo,2000,0.1,0.99,0.1,122,9.2000,8,1
montecarlo,2000,0.1,0.99,0.1,123,9.2000,8,1
montecarlo,2000,0.1,0.99,0.1,124,7.9000,11,1
montecarlo,2000,0.1,0.99,0.1,125,8.1000,9,1
montecarlo,2000,0.1,0.99,0.1,126,8.1000,9,1
montecarlo,2000,0.1,0.99,0.1,127,9.2000,8,1
montecarlo,2000,0.1,0.99,0.1,128,8.1000,9,1
montecarlo,2000,0.1,0.99,0.1,129,9.2000,8,1
montecarlo,2000,0.1,0.99,0.1,130,9.2000,8,1
montecarlo,2000,0.1,0.99,0.1,131,9.0000,10,1
montecarlo,2000,0.1,0.99,0.1,132,8.1000,9,1
montecarlo,2000,0.1,0.99,0.1,133,8.1000,9,1
montecarlo,2000,0.1,0.99,0.1,134,9.2000,8,1
montecarlo,2000,0.1,0.99,0.1,135,9.0000,10,1
montecarlo,2000,0.1,0.99,0.1,136,9.2000,8,1
montecarlo,2000,0.1,0.99,0.1,137,7.0000,10,1
montecarlo,2000,0.1,0.99,0.1,138,9.2000,8,1
montecarlo,2000,0.1,0.99,0.1,139,9.2000,8,1
montecarlo,2000,0.1,0.99,0.1,140,9.2000,8,1
montecarlo,2000,0.1,0.99,0.1,141,9.2000,8,1
montecarlo,2000,0.1,0.99,0.1,142,9.2000,8,1
montecarlo,2000,0.1,0.99,0.1,143,9.0000,10,1
montecarlo,2000,0.1,0.99,0.1,144,8.1000,9,1
montecarlo,2000,0.1,0.99,0.1,145,9.2000,8,1
montecarlo,2000,0.1,0.99,0.1,146,9.2000,8,1
montecarlo,2000,0.1,0.99,0.1,147,8.8000,12,1
montecarlo,2000,0.1,0.99,0.1,148,8.1000,9,1
montecarlo,2000,0.1,0.99,0.1,149,9.2000,8,1
montecarlo,2000,0.1,0.99,0.1,150,7.9000,11,1
montecarlo,2000,0.1,0.99,0.1,151,9.0000,10,1
montecarlo,2000,0.1,0.99,0.1,152,9.2000,8,1
montecarlo,2000,0.1,0.99,0.1,153,9.2000,8,1
montecarlo,2000,0.1,0.99,0.1,154,9.0000,10,1
montecarlo,2000,0.1,0.99,0.1,155,8.1000,9,1
montecarlo,2000,0.1,0.99,0.1,156,7.7000,13,1
montecarlo,2000,0.1,0.99,0.1,157,9.2000,8,1
montecarlo,2000,0.1,0.99,0.1,158,9.2000,8,1
montecarlo,2000,0.1,0.99,0.1,159,9.2000,8,1
montecarlo,2000,0.1,0.99,0.1,160,9.2000,8,1
montecarlo,2000,0.1,0.99,0.1,161,9.2000,8,1
montecarlo,2000,0.1,0.99,0.1,162,9.2000,8,1
montecarlo,2000,0.1,0.99,0.1,163,9.0000,10,1
montecarlo,2000,0.1,0.99,0.1,164,9.2000,8,1
montecarlo,2000,0.1,0.99,0.1,165,8.1000,9,1
montecarlo,2000,0.1,0.99,0.1,166,9.2000,8,1
montecarlo,2000,0.1,0.99,0.1,167,7.0000,10,1
montecarlo,2000,0.1,0.99,0.1,168,9.2000,8,1
montecarlo,2000,0.1,0.99,0.1,169,9.2000,8,1
montecarlo,2000,0.1,0.99,0.1,170,9.2000,8,1
montecarlo,2000,0.1,0.99,0.1,171,8.1000,9,1
montecarlo,2000,0.1,0.99,0.1,172,8.1000,9,1
montecarlo,2000,0.1,0.99,0.1,173,6.8000,12,1
montecarlo,2000,0.1,0.99,0.1,174,8.1000,9,1
montecarlo,2000,0.1,0.99,0.1,175,7.0000,10,1
montecarlo,2000,0.1,0.99,0.1,176,7.2000,28,1
montecarlo,2000,0.1,0.99,0.1,177,-5.5000,125,1
montecarlo,2000,0.1,0.99,0.1,178,5.9000,31,1
montecarlo,2000,0.1,0.99,0.1,179,6.7000,23,1
montecarlo,2000,0.1,0.99,0.1,180,9.0000,10,1
montecarlo,2000,0.1,0.99,0.1,181,8.8000,12,1
montecarlo,2000,0.1,0.99,0.1,182,9.2000,8,1
montecarlo,2000,0.1,0.99,0.1,183,9.2000,8,1
montecarlo,2000,0.1,0.99,0.1,184,9.2000,8,1
montecarlo,2000,0.1,0.99,0.1,185,9.2000,8,1
montecarlo,2000,0.1,0.99,0.1,186,7.9000,11,1
montecarlo,2000,0.1,0.99,0.1,187,9.2000,8,1
montecarlo,2000,0.1,0.99,0.1,188,9.2000,8,1
montecarlo,2000,0.1,0.99,0.1,189,7.9000,11,1
montecarlo,2000,0.1,0.99,0.1,190,9.2000,8,1
montecarlo,2000,0.1,0.99,0.1,191,9.2000,8,1
montecarlo,2000,0.1,0.99,0.1,192,9.2000,8,1
montecarlo,2000,0.1,0.99,0.1,193,8.8000,12,1
montecarlo,2000,0.1,0.99,0.1,194,9.0000,10,1
montecarlo,2000,0.1,0.99,0.1,195,9.2000,8,1
montecarlo,2000,0.1,0.99,0.1,196,9.2000,8,1
montecarlo,2000,0.1,0.99,0.1,197,9.2000,8,1
montecarlo,2000,0.1,0.99,0.1,198,9.2000,8,1
montecarlo,2000,0.1,0.99,0.1,199,8.1000,9,1
montecarlo,2000,0.1,0.99,0.1,200,9.2000,8,1
montecarlo,2000,0.1,0.99,0.1,201,7.9000,11,1
montecarlo,2000,0.1,0.99,0.1,202,9.2000,8,1
montecarlo,2000,0.1,0.99,0.1,203,9.2000,8,1
montecarlo,2000,0.1,0.99,0.1,204,8.8000,12,1
montecarlo,2000,0.1,0.99,0.1,205,8.1000,9,1
montecarlo,2000,0.1,0.99,0.1,206,9.2000,8,1
montecarlo,2000,0.1,0.99,0.1,207,9.2000,8,1
montecarlo,2000,0.1,0.99,0.1,208,9.2000,8,1
montecarlo,2000,0.1,0.99,0.1,209,7.9000,11,1
montecarlo,2000,0.1,0.99,0.1,210,5.9000,11,1
montecarlo,2000,0.1,0.99,0.1,211,8.8000,12,1
montecarlo,2000,0.1,0.99,0.1,212,6.4000,36,1
montecarlo,2000,0.1,0.99,0.1,213,6.5000,25,1
montecarlo,2000,0.1,0.99,0.1,214,9.2000,8,1
montecarlo,2000,0.1,0.99,0.1,215,8.1000,9,1
montecarlo,2000,0.1,0.99,0.1,216,8.1000,9,1
montecarlo,2000,0.1,0.99,0.1,217,9.2000,8,1
montecarlo,2000,0.1,0.99,0.1,218,9.2000,8,1
montecarlo,2000,0.1,0.99,0.1,219,7.9000,11,1
montecarlo,2000,0.1,0.99,0.1,220,9.2000,8,1
montecarlo,2000,0.1,0.99,0.1,221,9.0000,10,1
montecarlo,2000,0.1,0.99,0.1,222,9.2000,8,1
montecarlo,2000,0.1,0.99,0.1,223,7.9000,11,1
montecarlo,2000,0.1,0.99,0.1,224,8.1000,9,1
montecarlo,2000,0.1,0.99,0.1,225,9.2000,8,1
montecarlo,2000,0.1,0.99,0.1,226,7.9000,11,1
montecarlo,2000,0.1,0.99,0.1,227,7.9000,11,1
montecarlo,2000,0.1,0.99,0.1,228,9.2000,8,1
montecarlo,2000,0.1,0.99,0.1,229,7.9000,11,1
montecarlo,2000,0.1,0.99,0.1,230,9.0000,10,1
montecarlo,2000,0.1,0.99,0.1,231,9.0000,10,1
montecarlo,2000,0.1,0.99,0.1,232,9.0000,10,1
montecarlo,2000,0.1,0.99,0.1,233,9.2000,8,1
montecarlo,2000,0.1,0.99,0.1,234,9.0000,10,1
montecarlo,2000,0.1,0.99,0.1,235,9.0000,10,1
montecarlo,2000,0.1,0.99,0.1,236,9.2000,8,1
montecarlo,2000,0.1,0.99,0.1,237,8.1000,9,1
montecarlo,2000,0.1,0.99,0.1,238,9.0000,10,1
montecarlo,2000,0.1,0.99,0.1,239,9.2000,8,1
montecarlo,2000,0.1,0.99,0.1,240,9.2000,8,1
montecarlo,2000,0.1,0.99,0.1,241,7.9000,11,1
montecarlo,2000,0.1,0.99,0.1,242,9.2000,8,1
montecarlo,2000,0.1,0.99,0.1,243,9.2000,8,1
montecarlo,2000,0.1,0.99,0.1,244,9.2000,8,1
montecarlo,2000,0.1,0.99,0.1,245,9.2000,8,1
montecarlo,2000,0.1,0.99,0.1,246,7.0000,10,1
montecarlo,2000,0.1,0.99,0.1,247,9.2000,8,1
montecarlo,2000,0.1,0.99,0.1,248,8.1000,9,1
montecarlo,2000,0.1,0.99,0.1,249,9.0000,10,1
montecarlo,2000,0.1,0.99,0.1,250,9.2000,8,1
montecarlo,2000,0.1,0.99,0.1,251,9.0000,10,1
montecarlo,2000,0.1,0.99,0.1,252,9.2000,8,1
montecarlo,2000,0.1,0.99,0.1,253,9.2000,8,1
montecarlo,2000,0.1,0.99,0.1,254,9.2000,8,1
montecarlo,2000,0.1,0.99,0.1,255,8.1000,9,1
montecarlo,2000,0.1,0.99,0.1,256,8.1000,9,1
montecarlo,2000,0.1,0.99,0.1,257,9.0000,10,1
montecarlo,2000,0.1,0.99,0.1,258,9.2000,8,1
montecarlo,2000,0.1,0.99,0.1,259,9.2000,8,1
montecarlo,2000,0.1,0.99,0.1,260,7.9000,11,1
montecarlo,2000,0.1,0.99,0.1,261,9.2000,8,1
montecarlo,2000,0.1,0.99,0.1,262,8.1000,9,1
montecarlo,2000,0.1,0.99,0.1,263,8.8000,12,1
montecarlo,2000,0.1,0.99,0.1,264,8.1000,9,1
montecarlo,2000,0.1,0.99,0.1,265,9.2000,8,1
montecarlo,2000,0.1,0.99,0.1,266,7.9000,11,1
montecarlo,2000,0.1,0.99,0.1,267,9.2000,8,1
montecarlo,2000,0.1,0.99,0.1,268,8.1000,9,1
montecarlo,2000,0.1,0.99,0.1,269,9.2000,8,1
montecarlo,2000,0.1,0.99,0.1,270,9.2000,8,1
montecarlo,2000,0.1,0.99,0.1,271,8.1000,9,1
montecarlo,2000,0.1,0.99,0.1,272,9.2000,8,1
montecarlo,2000,0.1,0.99,0.1,273,9.2000,8,1
montecarlo,2000,0.1,0.99,0.1,274,9.2000,8,1
montecarlo,2000,0.1,0.99,0.1,275,9.2000,8,1
montecarlo,2000,0.1,0.99,0.1,276,7.9000,11,1
montecarlo,2000,0.1,0.99,0.1,277,9.2000,8,1
montecarlo,2000,0.1,0.99,0.1,278,9.2000,8,1
montecarlo,2000,0.1,0.99,0.1,279,8.1000,9,1
montecarlo,2000,0.1,0.99,0.1,280,7.7000,13,1
montecarlo,2000,0.1,0.99,0.1,281,8.8000,12,1
montecarlo,2000,0.1,0.99,0.1,282,9.2000,8,1
montecarlo,2000,0.1,0.99,0.1,283,9.0000,10,1
montecarlo,2000,0.1,0.99,0.1,284,9.2000,8,1
montecarlo,2000,0.1,0.99,0.1,285,8.1000,9,1
montecarlo,2000,0.1,0.99,0.1,286,9.2000,8,1
montecarlo,2000,0.1,0.99,0.1,287,8.1000,9,1
montecarlo,2000,0.1,0.99,0.1,288,8.1000,9,1
montecarlo,2000,0.1,0.99,0.1,289,8.1000,9,1
montecarlo,2000,0.1,0.99,0.1,290,9.2000,8,1
montecarlo,2000,0.1,0.99,0.1,291,9.2000,8,1
montecarlo,2000,0.1,0.99,0.1,292,9.2000,8,1
montecarlo,2000,0.1,0.99,0.1,293,9.0000,10,1
montecarlo,2000,0.1,0.99,0.1,294,6.8000,12,1
montecarlo,2000,0.1,0.99,0.1,295,9.2000,8,1
montecarlo,2000,0.1,0.99,0.1,296,9.2000,8,1
montecarlo,2000,0.1,0.99,0.1,297,7.0000,10,1
montecarlo,2000,0.1,0.99,0.1,298,7.9000,11,1
montecarlo,2000,0.1,0.99,0.1,299,7.7000,13,1
montecarlo,2000,0.1,0.99,0.1,300,9.2000,8,1
montecarlo,2000,0.1,0.99,0.1,301,7.7000,13,1
montecarlo,2000,0.1,0.99,0.1,302,8.8000,12,1
montecarlo,2000,0.1,0.99,0.1,303,8.1000,9,1
montecarlo,2000,0.1,0.99,0.1,304,9.2000,8,1
montecarlo,2000,0.1,0.99,0.1,305,9.2000,8,1
montecarlo,2000,0.1,0.99,0.1,306,8.1000,9,1
montecarlo,2000,0.1,0.99,0.1,307,9.0000,10,1
montecarlo,2000,0.1,0.99,0.1,308,9.2000,8,1
montecarlo,2000,0.1,0.99,0.1,309,8.1000,9,1
montecarlo,2000,0.1,0.99,0.1,310,9.2000,8,1
montecarlo,2000,0.1,0.99,0.1,311,9.2000,8,1
montecarlo,2000,0.1,0.99,0.1,312,9.2000,8,1
montecarlo,2000,0.1,0.99,0.1,313,9.2000,8,1
montecarlo,2000,0.1,0.99,0.1,314,9.2000,8,1
montecarlo,2000,0.1,0.99,0.1,315,9.2000,8,1
montecarlo,2000,0.1,0.99,0.1,316,8.1000,9,1
montecarlo,2000,0.1,0.99,0.1,317,5.7000,13,1
montecarlo,2000,0.1,0.99,0.1,318,8.1000,9,1
montecarlo,2000,0.1,0.99,0.1,319,8.1000,9,1
montecarlo,2000,0.1,0.99,0.1,320,8.1000,9,1
montecarlo,2000,0.1,0.99,0.1,321,9.2000,8,1
montecarlo,2000,0.1,0.99,0.1,322,8.8000,12,1
montecarlo,2000,0.1,0.99,0.1,323,9.0000,10,1
montecarlo,2000,0.1,0.99,0.1,324,9.2000,8,1
montecarlo,2000,0.1,0.99,0.1,325,9.2000,8,1
montecarlo,2000,0.1,0.99,0.1,326,9.0000,10,1
montecarlo,2000,0.1,0.99,0.1,327,9.2000,8,1
montecarlo,2000,0.1,0.99,0.1,328,8.8000,12,1
montecarlo,2000,0.1,0.99,0.1,329,9.2000,8,1
montecarlo,2000,0.1,0.99,0.1,330,9.2000,8,1
montecarlo,2000,0.1,0.99,0.1,331,9.2000,8,1
montecarlo,2000,0.1,0.99,0.1,332,9.2000,8,1
montecarlo,2000,0.1,0.99,0.1,333,9.2000,8,1
montecarlo,2000,0.1,0.99,0.1,334,9.0000,10,1
montecarlo,2000,0.1,0.99,0.1,335,9.2000,8,1
montecarlo,2000,0.1,0.99,0.1,336,9.2000,8,1
montecarlo,2000,0.1,0.99,0.1,337,9.2000,8,1
montecarlo,2000,0.1,0.99,0.1,338,8.1000,9,1
montecarlo,2000,0.1,0.99,0.1,339,9.2000,8,1
montecarlo,2000,0.1,0.99,0.1,340,9.2000,8,1
montecarlo,2000,0.1,0.99,0.1,341,9.2000,8,1
montecarlo,2000,0.1,0.99,0.1,342,9.0000,10,1
montecarlo,2000,0.1,0.99,0.1,343,7.0000,10,1
montecarlo,2000,0.1,0.99,0.1,344,9.2000,8,1
montecarlo,2000,0.1,0.99,0.1,345,8.1000,9,1
montecarlo,2000,0.1,0.99,0.1,346,9.2000,8,1
montecarlo,2000,0.1,0.99,0.1,347,9.2000,8,1
montecarlo,2000,0.1,0.99,0.1,348,9.2000,8,1
montecarlo,2000,0.1,0.99,0.1,349,7.9000,11,1
montecarlo,2000,0.1,0.99,0.1,350,9.2000,8,1
montecarlo,2000,0.1,0.99,0.1,351,9.2000,8,1
montecarlo,2000,0.1,0.99,0.1,352,8.1000,9,1
montecarlo,2000,0.1,0.99,0.1,353,8.8000,12,1
montecarlo,2000,0.1,0.99,0.1,354,9.2000,8,1
montecarlo,2000,0.1,0.99,0.1,355,9.2000,8,1
montecarlo,2000,0.1,0.99,0.1,356,9.2000,8,1
montecarlo,2000,0.1,0.99,0.1,357,9.2000,8,1
montecarlo,2000,0.1,0.99,0.1,358,7.9000,11,1
montecarlo,2000,0.1,0.99,0.1,359,9.2000,8,1
montecarlo,2000,0.1,0.99,0.1,360,7.9000,11,1
montecarlo,2000,0.1,0.99,0.1,361,9.2000,8,1
montecarlo,2000,0.1,0.99,0.1,362,9.2000,8,1
montecarlo,2000,0.1,0.99,0.1,363,9.2000,8,1
montecarlo,2000,0.1,0.99,0.1,364,7.9000,11,1
montecarlo,2000,0.1,0.99,0.1,365,9.2000,8,1
montecarlo,2000,0.1,0.99,0.1,366,8.1000,9,1
montecarlo,2000,0.1,0.99,0.1,367,9.2000,8,1
montecarlo,2000,0.1,0.99,0.1,368,9.0000,10,1
montecarlo,2000,0.1,0.99,0.1,369,9.0000,10,1
montecarlo,2000,0.1,0.99,0.1,370,8.1000,9,1
montecarlo,2000,0.1,0.99,0.1,371,9.2000,8,1
montecarlo,2000,0.1,0.99,0.1,372,8.1000,9,1
montecarlo,2000,0.1,0.99,0.1,373,9.2000,8,1
montecarlo,2000,0.1,0.99,0.1,374,7.9000,11,1
montecarlo,2000,0.1,0.99,0.1,375,9.2000,8,1
montecarlo,2000,0.1,0.99,0.1,376,9.0000,10,1
montecarlo,2000,0.1,0.99,0.1,377,9.2000,8,1
montecarlo,2000,0.1,0.99,0.1,378,9.2000,8,1
montecarlo,2000,0.1,0.99,0.1,379,8.1000,9,1
montecarlo,2000,0.1,0.99,0.1,380,8.1000,9,1
montecarlo,2000,0.1,0.99,0.1,381,8.1000,9,1
montecarlo,2000,0.1,0.99,0.1,382,9.2000,8,1
montecarlo,2000,0.1,0.99,0.1,383,9.2000,8,1
montecarlo,2000,0.1,0.99,0.1,384,9.2000,8,1
montecarlo,2000,0.1,0.99,0.1,385,8.1000,9,1
montecarlo,2000,0.1,0.99,0.1,386,7.9000,11,1
montecarlo,2000,0.1,0.99,0.1,387,6.8000,12,1
montecarlo,2000,0.1,0.99,0.1,388,9.2000,8,1
montecarlo,2000,0.1,0.99,0.1,389,9.2000,8,1
montecarlo,2000,0.1,0.99,0.1,390,9.2000,8,1
montecarlo,2000,0.1,0.99,0.1,391,8.1000,9,1
montecarlo,2000,0.1,0.99,0.1,392,8.8000,12,1
montecarlo,2000,0.1,0.99,0.1,393,9.2000,8,1
montecarlo,2000,0.1,0.99,0.1,394,9.2000,8,1
montecarlo,2000,0.1,0.99,0.1,395,9.2000,8,1
montecarlo,2000,0.1,0.99,0.1,396,9.2000,8,1
montecarlo,2000,0.1,0.99,0.1,397,9.0000,10,1
montecarlo,2000,0.1,0.99,0.1,398,9.2000,8,1
montecarlo,2000,0.1,0.99,0.1,399,9.2000,8,1
montecarlo,2000,0.1,0.99,0.1,400,9.2000,8,1
montecarlo,2000,0.1,0.99,0.1,401,8.8000,12,1
montecarlo,2000,0.1,0.99,0.1,402,9.2000,8,1
montecarlo,2000,0.1,0.99,0.1,403,9.0000,10,1
montecarlo,2000,0.1,0.99,0.1,404,9.2000,8,1
montecarlo,2000,0.1,0.99,0.1,405,9.2000,8,1
montecarlo,2000,0.1,0.99,0.1,406,9.2000,8,1
montecarlo,2000,0.1,0.99,0.1,407,8.1000,9,1
montecarlo,2000,0.1,0.99,0.1,408,8.1000,9,1
montecarlo,2000,0.1,0.99,0.1,409,8.1000,9,1
montecarlo,2000,0.1,0.99,0.1,410,7.0000,10,1
montecarlo,2000,0.1,0.99,0.1,411,7.0000,10,1
montecarlo,2000,0.1,0.99,0.1,412,9.0000,10,1
montecarlo,2000,0.1,0.99,0.1,413,8.1000,9,1
montecarlo,2000,0.1,0.99,0.1,414,9.2000,8,1
montecarlo,2000,0.1,0.99,0.1,415,9.2000,8,1
montecarlo,2000,0.1,0.99,0.1,416,9.2000,8,1
montecarlo,2000,0.1,0.99,0.1,417,8.1000,9,1
montecarlo,2000,0.1,0.99,0.1,418,9.2000,8,1
montecarlo,2000,0.1,0.99,0.1,419,8.1000,9,1
montecarlo,2000,0.1,0.99,0.1,420,9.2000,8,1
montecarlo,2000,0.1,0.99,0.1,421,9.2000,8,1
montecarlo,2000,0.1,0.99,0.1,422,9.2000,8,1
montecarlo,2000,0.1,0.99,0.1,423,9.0000,10,1
montecarlo,2000,0.1,0.99,0.1,424,8.8000,12,1
montecarlo,2000,0.1,0.99,0.1,425,9.2000,8,1
montecarlo,2000,0.1,0.99,0.1,426,9.2000,8,1
montecarlo,2000,0.1,0.99,0.1,427,9.0000,10,1
montecarlo,2000,0.1,0.99,0.1,428,7.9000,11,1
montecarlo,2000,0.1,0.99,0.1,429,9.2000,8,1
montecarlo,2000,0.1,0.99,0.1,430,9.0000,10,1
montecarlo,2000,0.1,0.99,0.1,431,9.2000,8,1
montecarlo,2000,0.1,0.99,0.1,432,9.2000,8,1
montecarlo,2000,0.1,0.99,0.1,433,8.1000,9,1
montecarlo,2000,0.1,0.99,0.1,434,9.2000,8,1
montecarlo,2000,0.1,0.99,0.1,435,8.1000,9,1
montecarlo,2000,0.1,0.99,0.1,436,9.2000,8,1
montecarlo,2000,0.1,0.99,0.1,437,9.2000,8,1
montecarlo,2000,0.1,0.99,0.1,438,9.2000,8,1
montecarlo,2000,0.1,0.99,0.1,439,8.1000,9,1
montecarlo,2000,0.1,0.99,0.1,440,8.1000,9,1
montecarlo,2000,0.1,0.99,0.1,441,7.9000,11,1
montecarlo,2000,0.1,0.99,0.1,442,9.0000,10,1
montecarlo,2000,0.1,0.99,0.1,443,8.1000,9,1
montecarlo,2000,0.1,0.99,0.1,444,9.2000,8,1
montecarlo,2000,0.1,0.99,0.1,445,9.2000,8,1
montecarlo,2000,0.1,0.99,0.1,446,9.2000,8,1
montecarlo,2000,0.1,0.99,0.1,447,9.2000,8,1
montecarlo,2000,0.1,0.99,0.1,448,9.0000,10,1
montecarlo,2000,0.1,0.99,0.1,449,9.2000,8,1
montecarlo,2000,0.1,0.99,0.1,450,9.0000,10,1
montecarlo,2000,0.1,0.99,0.1,451,8.1000,9,1
montecarlo,2000,0.1,0.99,0.1,452,9.2000,8,1
montecarlo,2000,0.1,0.99,0.1,453,8.8000,12,1
montecarlo,2000,0.1,0.99,0.1,454,9.0000,10,1
montecarlo,2000,0.1,0.99,0.1,455,9.0000,10,1
montecarlo,2000,0.1,0.99,0.1,456,9.2000,8,1
montecarlo,2000,0.1,0.99,0.1,457,9.2000,8,1
montecarlo,2000,0.1,0.99,0.1,458,9.0000,10,1
montecarlo,2000,0.1,0.99,0.1,459,9.2000,8,1
montecarlo,2000,0.1,0.99,0.1,460,8.1000,9,1
montecarlo,2000,0.1,0.99,0.1,461,8.1000,9,1
montecarlo,2000,0.1,0.99,0.1,462,8.8000,12,1
montecarlo,2000,0.1,0.99,0.1,463,9.2000,8,1
montecarlo,2000,0.1,0.99,0.1,464,9.0000,10,1
montecarlo,2000,0.1,0.99,0.1,465,9.2000,8,1
montecarlo,2000,0.1,0.99,0.1,466,9.0000,10,1
montecarlo,2000,0.1,0.99,0.1,467,9.0000,10,1
montecarlo,2000,0.1,0.99,0.1,468,9.2000,8,1
montecarlo,2000,0.1,0.99,0.1,469,8.1000,9,1
montecarlo,2000,0.1,0.99,0.1,470,9.2000,8,1
montecarlo,2000,0.1,0.99,0.1,471,8.1000,9,1
montecarlo,2000,0.1,0.99,0.1,472,9.2000,8,1
montecarlo,2000,0.1,0.99,0.1,473,9.2000,8,1
montecarlo,2000,0.1,0.99,0.1,474,7.9000,11,1
montecarlo,2000,0.1,0.99,0.1,475,9.2000,8,1
montecarlo,2000,0.1,0.99,0.1,476,9.2000,8,1
montecarlo,2000,0.1,0.99,0.1,477,9.2000,8,1
montecarlo,2000,0.1,0.99,0.1,478,8.1000,9,1
montecarlo,2000,0.1,0.99,0.1,479,6.8000,12,1
montecarlo,2000,0.1,0.99,0.1,480,9.2000,8,1
montecarlo,2000,0.1,0.99,0.1,481,9.2000,8,1
montecarlo,2000,0.1,0.99,0.1,482,9.2000,8,1
montecarlo,2000,0.1,0.99,0.1,483,9.2000,8,1
montecarlo,2000,0.1,0.99,0.1,484,9.2000,8,1
montecarlo,2000,0.1,0.99,0.1,485,9.2000,8,1
montecarlo,2000,0.1,0.99,0.1,486,9.2000,8,1
montecarlo,2000,0.1,0.99,0.1,487,7.9000,11,1
montecarlo,2000,0.1,0.99,0.1,488,9.2000,8,1
montecarlo,2000,0.1,0.99,0.1,489,9.0000,10,1
montecarlo,2000,0.1,0.99,0.1,490,9.2000,8,1
montecarlo,2000,0.1,0.99,0.1,491,9.0000,10,1
montecarlo,2000,0.1,0.99,0.1,492,8.1000,9,1
montecarlo,2000,0.1,0.99,0.1,493,9.0000,10,1
montecarlo,2000,0.1,0.99,0.1,494,9.0000,10,1
montecarlo,2000,0.1,0.99,0.1,495,9.0000,10,1
montecarlo,2000,0.1,0.99,0.1,496,9.2000,8,1
montecarlo,2000,0.1,0.99,0.1,497,8.1000,9,1
montecarlo,2000,0.1,0.99,0.1,498,9.0000,10,1
montecarlo,2000,0.1,0.99,0.1,499,9.2000,8,1
montecarlo,2000,0.1,0.99,0.1,500,9.2000,8,1
montecarlo,2000,0.1,0.99,0.1,501,9.2000,8,1
montecarlo,2000,0.1,0.99,0.1,502,9.2000,8,1
montecarlo,2000,0.1,0.99,0.1,503,9.2000,8,1
montecarlo,2000,0.1,0.99,0.1,504,9.0000,10,1
montecarlo,2000,0.1,0.99,0.1,505,8.1000,9,1
montecarlo,2000,0.1,0.99,0.1,506,9.0000,10,1
montecarlo,2000,0.1,0.99,0.1,507,9.2000,8,1
montecarlo,2000,0.1,0.99,0.1,508,9.0000,10,1
montecarlo,2000,0.1,0.99,0.1,509,8.1000,9,1
montecarlo,2000,0.1,0.99,0.1,510,9.2000,8,1
montecarlo,2000,0.1,0.99,0.1,511,9.2000,8,1
montecarlo,2000,0.1,0.99,0.1,512,9.2000,8,1
montecarlo,2000,0.1,0.99,0.1,513,7.0000,10,1
montecarlo,2000,0.1,0.99,0.1,514,8.8000,12,1
montecarlo,2000,0.1,0.99,0.1,515,9.2000,8,1
montecarlo,2000,0.1,0.99,0.1,516,8.1000,9,1
montecarlo,2000,0.1,0.99,0.1,517,9.0000,10,1
montecarlo,2000,0.1,0.99,0.1,518,7.0000,10,1
montecarlo,2000,0.1,0.99,0.1,519,8.8000,12,1
montecarlo,2000,0.1,0.99,0.1,520,9.2000,8,1
montecarlo,2000,0.1,0.99,0.1,521,9.2000,8,1
montecarlo,2000,0.1,0.99,0.1,522,7.9000,11,1
montecarlo,2000,0.1,0.99,0.1,523,8.1000,9,1
montecarlo,2000,0.1,0.99,0.1,524,8.1000,9,1
montecarlo,2000,0.1,0.99,0.1,525,7.9000,11,1
montecarlo,2000,0.1,0.99,0.1,526,9.2000,8,1
montecarlo,2000,0.1,0.99,0.1,527,9.0000,10,1
montecarlo,2000,0.1,0.99,0.1,528,8.1000,9,1
montecarlo,2000,0.1,0.99,0.1,529,9.2000,8,1
montecarlo,2000,0.1,0.99,0.1,530,8.1000,9,1
montecarlo,2000,0.1,0.99,0.1,531,9.0000,10,1
montecarlo,2000,0.1,0.99,0.1,532,9.2000,8,1
montecarlo,2000,0.1,0.99,0.1,533,7.9000,11,1
montecarlo,2000,0.1,0.99,0.1,534,8.1000,9,1
montecarlo,2000,0.1,0.99,0.1,535,6.8000,12,1
montecarlo,2000,0.1,0.99,0.1,536,7.1000,19,1
montecarlo,2000,0.1,0.99,0.1,537,6.8000,12,1
montecarlo,2000,0.1,0.99,0.1,538,6.3000,27,1
montecarlo,2000,0.1,0.99,0.1,539,0.1000,89,1
montecarlo,2000,0.1,0.99,0.1,540,1.5000,55,1
montecarlo,2000,0.1,0.99,0.1,541,8.1000,9,1
montecarlo,2000,0.1,0.99,0.1,542,9.2000,8,1
montecarlo,2000,0.1,0.99,0.1,543,8.1000,9,1
montecarlo,2000,0.1,0.99,0.1,544,9.2000,8,1
montecarlo,2000,0.1,0.99,0.1,545,9.2000,8,1
montecarlo,2000,0.1,0.99,0.1,546,9.2000,8,1
montecarlo,2000,0.1,0.99,0.1,547,9.2000,8,1
montecarlo,2000,0.1,0.99,0.1,548,9.2000,8,1
montecarlo,2000,0.1,0.99,0.1,549,9.2000,8,1
montecarlo,2000,0.1,0.99,0.1,550,9.2000,8,1
montecarlo,2000,0.1,0.99,0.1,551,8.8000,12,1
montecarlo,2000,0.1,0.99,0.1,552,7.9000,11,1
montecarlo,2000,0.1,0.99,0.1,553,9.0000,10,1
montecarlo,2000,0.1,0.99,0.1,554,9.0000,10,1
montecarlo,2000,0.1,0.99,0.1,555,9.0000,10,1
montecarlo,2000,0.1,0.99,0.1,556,7.0000,10,1
montecarlo,2000,0.1,0.99,0.1,557,9.2000,8,1
montecarlo,2000,0.1,0.99,0.1,558,9.2000,8,1
montecarlo,2000,0.1,0.99,0.1,559,7.7000,13,1
montecarlo,2000,0.1,0.99,0.1,560,9.0000,10,1
montecarlo,2000,0.1,0.99,0.1,561,9.2000,8,1
montecarlo,2000,0.1,0.99,0.1,562,7.0000,10,1
montecarlo,2000,0.1,0.99,0.1,563,9.2000,8,1
montecarlo,2000,0.1,0.99,0.1,564,9.0000,10,1
montecarlo,2000,0.1,0.99,0.1,565,9.2000,8,1
montecarlo,2000,0.1,0.99,0.1,566,8.1000,9,1
montecarlo,2000,0.1,0.99,0.1,567,9.2000,8,1
montecarlo,2000,0.1,0.99,0.1,568,9.2000,8,1
montecarlo,2000,0.1,0.99,0.1,569,9.2000,8,1
montecarlo,2000,0.1,0.99,0.1,570,9.2000,8,1
montecarlo,2000,0.1,0.99,0.1,571,9.2000,8,1
montecarlo,2000,0.1,0.99,0.1,572,9.0000,10,1
montecarlo,2000,0.1,0.99,0.1,573,9.2000,8,1
montecarlo,2000,0.1,0.99,0.1,574,9.2000,8,1
montecarlo,2000,0.1,0.99,0.1,575,8.1000,9,1
montecarlo,2000,0.1,0.99,0.1,576,9.2000,8,1
montecarlo,2000,0.1,0.99,0.1,577,7.9000,11,1
montecarlo,2000,0.1,0.99,0.1,578,9.2000,8,1
montecarlo,2000,0.1,0.99,0.1,579,7.9000,11,1
montecarlo,2000,0.1,0.99,0.1,580,9.2000,8,1
montecarlo,2000,0.1,0.99,0.1,581,9.2000,8,1
montecarlo,2000,0.1,0.99,0.1,582,8.1000,9,1
montecarlo,2000,0.1,0.99,0.1,583,7.0000,10,1
montecarlo,2000,0.1,0.99,0.1,584,9.2000,8,1
montecarlo,2000,0.1,0.99,0.1,585,9.2000,8,1
montecarlo,2000,0.1,0.99,0.1,586,9.0000,10,1
montecarlo,2000,0.1,0.99,0.1,587,9.0000,10,1
montecarlo,2000,0.1,0.99,0.1,588,9.2000,8,1
montecarlo,2000,0.1,0.99,0.1,589,9.2000,8,1
montecarlo,2000,0.1,0.99,0.1,590,9.2000,8,1
montecarlo,2000,0.1,0.99,0.1,591,9.0000,10,1
montecarlo,2000,0.1,0.99,0.1,592,9.0000,10,1
montecarlo,2000,0.1,0.99,0.1,593,9.2000,8,1
montecarlo,2000,0.1,0.99,0.1,594,8.1000,9,1
montecarlo,2000,0.1,0.99,0.1,595,9.2000,8,1
montecarlo,2000,0.1,0.99,0.1,596,7.9000,11,1
montecarlo,2000,0.1,0.99,0.1,597,8.1000,9,1
montecarlo,2000,0.1,0.99,0.1,598,7.0000,10,1
montecarlo,2000,0.1,0.99,0.1,599,9.0000,10,1
montecarlo,2000,0.1,0.99,0.1,600,9.2000,8,1
montecarlo,2000,0.1,0.99,0.1,601,9.2000,8,1
montecarlo,2000,0.1,0.99,0.1,602,9.0000,10,1
montecarlo,2000,0.1,0.99,0.1,603,9.2000,8,1
montecarlo,2000,0.1,0.99,0.1,604,9.0000,10,1
montecarlo,2000,0.1,0.99,0.1,605,7.0000,10,1
montecarlo,2000,0.1,0.99,0.1,606,9.2000,8,1
montecarlo,2000,0.1,0.99,0.1,607,9.2000,8,1
montecarlo,2000,0.1,0.99,0.1,608,9.0000,10,1
montecarlo,2000,0.1,0.99,0.1,609,7.9000,11,1
montecarlo,2000,0.1,0.99,0.1,610,9.2000,8,1
montecarlo,2000,0.1,0.99,0.1,611,9.2000,8,1
montecarlo,2000,0.1,0.99,0.1,612,9.2000,8,1
montecarlo,2000,0.1,0.99,0.1,613,9.2000,8,1
montecarlo,2000,0.1,0.99,0.1,614,9.2000,8,1
montecarlo,2000,0.1,0.99,0.1,615,8.8000,12,1
montecarlo,2000,0.1,0.99,0.1,616,9.2000,8,1
montecarlo,2000,0.1,0.99,0.1,617,9.0000,10,1
montecarlo,2000,0.1,0.99,0.1,618,6.8000,12,1
montecarlo,2000,0.1,0.99,0.1,619,8.1000,9,1
montecarlo,2000,0.1,0.99,0.1,620,9.2000,8,1
montecarlo,2000,0.1,0.99,0.1,621,8.1000,9,1
montecarlo,2000,0.1,0.99,0.1,622,9.2000,8,1
montecarlo,2000,0.1,0.99,0.1,623,9.2000,8,1
montecarlo,2000,0.1,0.99,0.1,624,9.2000,8,1
montecarlo,2000,0.1,0.99,0.1,625,9.0000,10,1
montecarlo,2000,0.1,0.99,0.1,626,9.2000,8,1
montecarlo,2000,0.1,0.99,0.1,627,9.0000,10,1
montecarlo,2000,0.1,0.99,0.1,628,9.2000,8,1
montecarlo,2000,0.1,0.99,0.1,629,8.1000,9,1
montecarlo,2000,0.1,0.99,0.1,630,8.1000,9,1
montecarlo,2000,0.1,0.99,0.1,631,6.4000,16,1
montecarlo,2000,0.1,0.99,0.1,632,9.2000,8,1
montecarlo,2000,0.1,0.99,0.1,633,8.1000,9,1
montecarlo,2000,0.1,0.99,0.1,634,9.2000,8,1
montecarlo,2000,0.1,0.99,0.1,635,9.2000,8,1
montecarlo,2000,0.1,0.99,0.1,636,8.1000,9,1
montecarlo,2000,0.1,0.99,0.1,637,9.2000,8,1
montecarlo,2000,0.1,0.99,0.1,638,9.2000,8,1
montecarlo,2000,0.1,0.99,0.1,639,9.2000,8,1
montecarlo,2000,0.1,0.99,0.1,640,9.2000,8,1
montecarlo,2000,0.1,0.99,0.1,641,9.2000,8,1
montecarlo,2000,0.1,0.99,0.1,642,9.2000,8,1
montecarlo,2000,0.1,0.99,0.1,643,7.9000,11,1
montecarlo,2000,0.1,0.99,0.1,644,7.0000,10,1
montecarlo,2000,0.1,0.99,0.1,645,9.2000,8,1
montecarlo,2000,0.1,0.99,0.1,646,8.1000,9,1
montecarlo,2000,0.1,0.99,0.1,647,9.2000,8,1
montecarlo,2000,0.1,0.99,0.1,648,8.1000,9,1
montecarlo,2000,0.1,0.99,0.1,649,8.1000,9,1
montecarlo,2000,0.1,0.99,0.1,650,7.9000,11,1
montecarlo,2000,0.1,0.99,0.1,651,9.2000,8,1
montecarlo,2000,0.1,0.99,0.1,652,8.1000,9,1
montecarlo,2000,0.1,0.99,0.1,653,7.9000,11,1
montecarlo,2000,0.1,0.99,0.1,654,9.2000,8,1
montecarlo,2000,0.1,0.99,0.1,655,7.7000,13,1
montecarlo,2000,0.1,0.99,0.1,656,9.2000,8,1
montecarlo,2000,0.1,0.99,0.1,657,8.1000,9,1
montecarlo,2000,0.1,0.99,0.1,658,8.1000,9,1
montecarlo,2000,0.1,0.99,0.1,659,9.2000,8,1
montecarlo,2000,0.1,0.99,0.1,660,8.1000,9,1
montecarlo,2000,0.1,0.99,0.1,661,9.2000,8,1
montecarlo,2000,0.1,0.99,0.1,662,9.2000,8,1
montecarlo,2000,0.1,0.99,0.1,663,9.2000,8,1
montecarlo,2000,0.1,0.99,0.1,664,5.9000,11,1
montecarlo,2000,0.1,0.99,0.1,665,8.8000,12,1
montecarlo,2000,0.1,0.99,0.1,666,8.1000,9,1
montecarlo,2000,0.1,0.99,0.1,667,9.2000,8,1
montecarlo,2000,0.1,0.99,0.1,668,9.0000,10,1
montecarlo,2000,0.1,0.99,0.1,669,8.6000,14,1
montecarlo,2000,0.1,0.99,0.1,670,9.2000,8,1
montecarlo,2000,0.1,0.99,0.1,671,8.8000,12,1
montecarlo,2000,0.1,0.99,0.1,672,9.2000,8,1
montecarlo,2000,0.1,0.99,0.1,673,9.2000,8,1
montecarlo,2000,0.1,0.99,0.1,674,9.2000,8,1
montecarlo,2000,0.1,0.99,0.1,675,6.8000,12,1
montecarlo,2000,0.1,0.99,0.1,676,9.2000,8,1
montecarlo,2000,0.1,0.99,0.1,677,9.2000,8,1
montecarlo,2000,0.1,0.99,0.1,678,9.2000,8,1
montecarlo,2000,0.1,0.99,0.1,679,9.0000,10,1
montecarlo,2000,0.1,0.99,0.1,680,9.2000,8,1
montecarlo,2000,0.1,0.99,0.1,681,9.2000,8,1
montecarlo,2000,0.1,0.99,0.1,682,9.2000,8,1
montecarlo,2000,0.1,0.99,0.1,683,9.0000,10,1
montecarlo,2000,0.1,0.99,0.1,684,9.0000,10,1
montecarlo,2000,0.1,0.99,0.1,685,9.2000,8,1
montecarlo,2000,0.1,0.99,0.1,686,9.2000,8,1
montecarlo,2000,0.1,0.99,0.1,687,8.1000,9,1
montecarlo,2000,0.1,0.99,0.1,688,8.1000,9,1
montecarlo,2000,0.1,0.99,0.1,689,9.2000,8,1
montecarlo,2000,0.1,0.99,0.1,690,8.1000,9,1
montecarlo,2000,0.1,0.99,0.1,691,8.8000,12,1
montecarlo,2000,0.1,0.99,0.1,692,8.8000,12,1
montecarlo,2000,0.1,0.99,0.1,693,9.0000,10,1
montecarlo,2000,0.1,0.99,0.1,694,8.1000,9,1
montecarlo,2000,0.1,0.99,0.1,695,9.0000,10,1
montecarlo,2000,0.1,0.99,0.1,696,9.2000,8,1
montecarlo,2000,0.1,0.99,0.1,697,7.9000,11,1
montecarlo,2000,0.1,0.99,0.1,698,9.0000,10,1
montecarlo,2000,0.1,0.99,0.1,699,8.1000,9,1
montecarlo,2000,0.1,0.99,0.1,700,8.1000,9,1
montecarlo,2000,0.1,0.99,0.1,701,9.2000,8,1
montecarlo,2000,0.1,0.99,0.1,702,9.2000,8,1
montecarlo,2000,0.1,0.99,0.1,703,9.0000,10,1
montecarlo,2000,0.1,0.99,0.1,704,8.1000,9,1
montecarlo,2000,0.1,0.99,0.1,705,9.2000,8,1
montecarlo,2000,0.1,0.99,0.1,706,7.0000,10,1
montecarlo,2000,0.1,0.99,0.1,707,9.0000,10,1
montecarlo,2000,0.1,0.99,0.1,708,9.2000,8,1
montecarlo,2000,0.1,0.99,0.1,709,9.2000,8,1
montecarlo,2000,0.1,0.99,0.1,710,9.2000,8,1
montecarlo,2000,0.1,0.99,0.1,711,7.9000,11,1
montecarlo,2000,0.1,0.99,0.1,712,9.2000,8,1
montecarlo,2000,0.1,0.99,0.1,713,8.1000,9,1
montecarlo,2000,0.1,0.99,0.1,714,9.2000,8,1
montecarlo,2000,0.1,0.99,0.1,715,9.2000,8,1
montecarlo,2000,0.1,0.99,0.1,716,8.1000,9,1
montecarlo,2000,0.1,0.99,0.1,717,8.1000,9,1
montecarlo,2000,0.1,0.99,0.1,718,9.0000,10,1
montecarlo,2000,0.1,0.99,0.1,719,8.1000,9,1
montecarlo,2000,0.1,0.99,0.1,720,7.7000,13,1
montecarlo,2000,0.1,0.99,0.1,721,9.2000,8,1
montecarlo,2000,0.1,0.99,0.1,722,8.1000,9,1
montecarlo,2000,0.1,0.99,0.1,723,5.7000,13,1
montecarlo,2000,0.1,0.99,0.1,724,9.0000,10,1
montecarlo,2000,0.1,0.99,0.1,725,9.2000,8,1
montecarlo,2000,0.1,0.99,0.1,726,7.0000,10,1
montecarlo,2000,0.1,0.99,0.1,727,9.2000,8,1
montecarlo,2000,0.1,0.99,0.1,728,8.1000,9,1
montecarlo,2000,0.1,0.99,0.1,729,9.2000,8,1
montecarlo,2000,0.1,0.99,0.1,730,9.2000,8,1
montecarlo,2000,0.1,0.99,0.1,731,9.2000,8,1
montecarlo,2000,0.1,0.99,0.1,732,8.1000,9,1
montecarlo,2000,0.1,0.99,0.1,733,9.0000,10,1
montecarlo,2000,0.1,0.99,0.1,734,7.9000,11,1
montecarlo,2000,0.1,0.99,0.1,735,9.2000,8,1
montecarlo,2000,0.1,0.99,0.1,736,9.2000,8,1
montecarlo,2000,0.1,0.99,0.1,737,7.9000,11,1
montecarlo,2000,0.1,0.99,0.1,738,9.0000,10,1
montecarlo,2000,0.1,0.99,0.1,739,9.2000,8,1
montecarlo,2000,0.1,0.99,0.1,740,9.2000,8,1
montecarlo,2000,0.1,0.99,0.1,741,8.1000,9,1
montecarlo,2000,0.1,0.99,0.1,742,8.1000,9,1
montecarlo,2000,0.1,0.99,0.1,743,9.0000,10,1
montecarlo,2000,0.1,0.99,0.1,744,8.1000,9,1
montecarlo,2000,0.1,0.99,0.1,745,9.2000,8,1
montecarlo,2000,0.1,0.99,0.1,746,8.1000,9,1
montecarlo,2000,0.1,0.99,0.1,747,9.2000,8,1
montecarlo,2000,0.1,0.99,0.1,748,9.2000,8,1
montecarlo,2000,0.1,0.99,0.1,749,9.2000,8,1
montecarlo,2000,0.1,0.99,0.1,750,8.1000,9,1
montecarlo,2000,0.1,0.99,0.1,751,9.2000,8,1
montecarlo,2000,0.1,0.99,0.1,752,8.1000,9,1
montecarlo,2000,0.1,0.99,0.1,753,8.1000,9,1
montecarlo,2000,0.1,0.99,0.1,754,9.2000,8,1
montecarlo,2000,0.1,0.99,0.1,755,8.8000,12,1
montecarlo,2000,0.1,0.99,0.1,756,8.1000,9,1
montecarlo,2000,0.1,0.99,0.1,757,7.7000,13,1
montecarlo,2000,0.1,0.99,0.1,758,9.2000,8,1
montecarlo,2000,0.1,0.99,0.1,759,7.0000,10,1
montecarlo,2000,0.1,0.99,0.1,760,8.1000,9,1
montecarlo,2000,0.1,0.99,0.1,761,6.8000,12,1
montecarlo,2000,0.1,0.99,0.1,762,9.0000,10,1
montecarlo,2000,0.1,0.99,0.1,763,9.2000,8,1
montecarlo,2000,0.1,0.99,0.1,764,7.0000,10,1
montecarlo,2000,0.1,0.99,0.1,765,9.2000,8,1
montecarlo,2000,0.1,0.99,0.1,766,9.0000,10,1
montecarlo,2000,0.1,0.99,0.1,767,7.9000,11,1
montecarlo,2000,0.1,0.99,0.1,768,9.0000,10,1
montecarlo,2000,0.1,0.99,0.1,769,8.1000,9,1
montecarlo,2000,0.1,0.99,0.1,770,9.2000,8,1
montecarlo,2000,0.1,0.99,0.1,771,9.2000,8,1
montecarlo,2000,0.1,0.99,0.1,772,7.0000,10,1
montecarlo,2000,0.1,0.99,0.1,773,8.1000,9,1
montecarlo,2000,0.1,0.99,0.1,774,9.2000,8,1
montecarlo,2000,0.1,0.99,0.1,775,9.2000,8,1
montecarlo,2000,0.1,0.99,0.1,776,5.9000,11,1
montecarlo,2000,0.1,0.99,0.1,777,9.2000,8,1
montecarlo,2000,0.1,0.99,0.1,778,8.1000,9,1
montecarlo,2000,0.1,0.99,0.1,779,8.1000,9,1
montecarlo,2000,0.1,0.99,0.1,780,9.2000,8,1
montecarlo,2000,0.1,0.99,0.1,781,9.2000,8,1
montecarlo,2000,0.1,0.99,0.1,782,8.1000,9,1
montecarlo,2000,0.1,0.99,0.1,783,8.1000,9,1
montecarlo,2000,0.1,0.99,0.1,784,7.7000,13,1
montecarlo,2000,0.1,0.99,0.1,785,9.0000,10,1
montecarlo,2000,0.1,0.99,0.1,786,9.2000,8,1
montecarlo,2000,0.1,0.99,0.1,787,9.2000,8,1
montecarlo,2000,0.1,0.99,0.1,788,9.2000,8,1
montecarlo,2000,0.1,0.99,0.1,789,9.2000,8,1
montecarlo,2000,0.1,0.99,0.1,790,8.1000,9,1
montecarlo,2000,0.1,0.99,0.1,791,9.2000,8,1
montecarlo,2000,0.1,0.99,0.1,792,9.2000,8,1
montecarlo,2000,0.1,0.99,0.1,793,7.9000,11,1
montecarlo,2000,0.1,0.99,0.1,794,9.0000,10,1
montecarlo,2000,0.1,0.99,0.1,795,9.2000,8,1
montecarlo,2000,0.1,0.99,0.1,796,7.3000,17,1
montecarlo,2000,0.1,0.99,0.1,797,9.0000,10,1
montecarlo,2000,0.1,0.99,0.1,798,9.2000,8,1
montecarlo,2000,0.1,0.99,0.1,799,9.2000,8,1
montecarlo,2000,0.1,0.99,0.1,800,8.1000,9,1
montecarlo,2000,0.1,0.99,0.1,801,8.1000,9,1
montecarlo,2000,0.1,0.99,0.1,802,8.1000,9,1
montecarlo,2000,0.1,0.99,0.1,803,9.2000,8,1
montecarlo,2000,0.1,0.99,0.1,804,9.2000,8,1
montecarlo,2000,0.1,0.99,0.1,805,9.0000,10,1
montecarlo,2000,0.1,0.99,0.1,806,7.9000,11,1
montecarlo,2000,0.1,0.99,0.1,807,9.0000,10,1
montecarlo,2000,0.1,0.99,0.1,808,7.9000,11,1
montecarlo,2000,0.1,0.99,0.1,809,9.0000,10,1
montecarlo,2000,0.1,0.99,0.1,810,9.2000,8,1
montecarlo,2000,0.1,0.99,0.1,811,8.1000,9,1
montecarlo,2000,0.1,0.99,0.1,812,9.2000,8,1
montecarlo,2000,0.1,0.99,0.1,813,9.2000,8,1
montecarlo,2000,0.1,0.99,0.1,814,9.2000,8,1
montecarlo,2000,0.1,0.99,0.1,815,9.0000,10,1
montecarlo,2000,0.1,0.99,0.1,816,9.0000,10,1
montecarlo,2000,0.1,0.99,0.1,817,9.0000,10,1
montecarlo,2000,0.1,0.99,0.1,818,8.1000,9,1
montecarlo,2000,0.1,0.99,0.1,819,7.0000,10,1
montecarlo,2000,0.1,0.99,0.1,820,9.2000,8,1
montecarlo,2000,0.1,0.99,0.1,821,8.1000,9,1
montecarlo,2000,0.1,0.99,0.1,822,9.2000,8,1
montecarlo,2000,0.1,0.99,0.1,823,9.2000,8,1
montecarlo,2000,0.1,0.99,0.1,824,7.7000,13,1
montecarlo,2000,0.1,0.99,0.1,825,9.2000,8,1
montecarlo,2000,0.1,0.99,0.1,826,9.2000,8,1
montecarlo,2000,0.1,0.99,0.1,827,9.2000,8,1
montecarlo,2000,0.1,0.99,0.1,828,9.2000,8,1
montecarlo,2000,0.1,0.99,0.1,829,9.2000,8,1
montecarlo,2000,0.1,0.99,0.1,830,8.1000,9,1
montecarlo,2000,0.1,0.99,0.1,831,9.2000,8,1
montecarlo,2000,0.1,0.99,0.1,832,8.1000,9,1
montecarlo,2000,0.1,0.99,0.1,833,9.2000,8,1
montecarlo,2000,0.1,0.99,0.1,834,9.0000,10,1
montecarlo,2000,0.1,0.99,0.1,835,9.2000,8,1
montecarlo,2000,0.1,0.99,0.1,836,9.2000,8,1
montecarlo,2000,0.1,0.99,0.1,837,9.2000,8,1
montecarlo,2000,0.1,0.99,0.1,838,9.2000,8,1
montecarlo,2000,0.1,0.99,0.1,839,9.2000,8,1
montecarlo,2000,0.1,0.99,0.1,840,9.2000,8,1
montecarlo,2000,0.1,0.99,0.1,841,8.1000,9,1
montecarlo,2000,0.1,0.99,0.1,842,9.0000,10,1
montecarlo,2000,0.1,0.99,0.1,843,9.2000,8,1
montecarlo,2000,0.1,0.99,0.1,844,9.0000,10,1
montecarlo,2000,0.1,0.99,0.1,845,9.2000,8,1
montecarlo,2000,0.1,0.99,0.1,846,9.0000,10,1
montecarlo,2000,0.1,0.99,0.1,847,8.1000,9,1
montecarlo,2000,0.1,0.99,0.1,848,9.2000,8,1
montecarlo,2000,0.1,0.99,0.1,849,9.2000,8,1
montecarlo,2000,0.1,0.99,0.1,850,9.2000,8,1
montecarlo,2000,0.1,0.99,0.1,851,9.0000,10,1
montecarlo,2000,0.1,0.99,0.1,852,9.2000,8,1
montecarlo,2000,0.1,0.99,0.1,853,8.1000,9,1
montecarlo,2000,0.1,0.99,0.1,854,8.1000,9,1
montecarlo,2000,0.1,0.99,0.1,855,9.2000,8,1
montecarlo,2000,0.1,0.99,0.1,856,3.7000,13,1
montecarlo,2000,0.1,0.99,0.1,857,7.9000,11,1
montecarlo,2000,0.1,0.99,0.1,858,9.2000,8,1
montecarlo,2000,0.1,0.99,0.1,859,7.9000,11,1
montecarlo,2000,0.1,0.99,0.1,860,7.9000,11,1
montecarlo,2000,0.1,0.99,0.1,861,9.2000,8,1
montecarlo,2000,0.1,0.99,0.1,862,9.2000,8,1
montecarlo,2000,0.1,0.99,0.1,863,9.0000,10,1
montecarlo,2000,0.1,0.99,0.1,864,9.0000,10,1
montecarlo,2000,0.1,0.99,0.1,865,9.2000,8,1
montecarlo,2000,0.1,0.99,0.1,866,7.0000,10,1
montecarlo,2000,0.1,0.99,0.1,867,6.8000,12,1
montecarlo,2000,0.1,0.99,0.1,868,7.0000,10,1
montecarlo,2000,0.1,0.99,0.1,869,9.2000,8,1
montecarlo,2000,0.1,0.99,0.1,870,9.2000,8,1
montecarlo,2000,0.1,0.99,0.1,871,9.2000,8,1
montecarlo,2000,0.1,0.99,0.1,872,8.1000,9,1
montecarlo,2000,0.1,0.99,0.1,873,9.2000,8,1
montecarlo,2000,0.1,0.99,0.1,874,6.6000,14,1
montecarlo,2000,0.1,0.99,0.1,875,9.2000,8,1
montecarlo,2000,0.1,0.99,0.1,876,9.2000,8,1
montecarlo,2000,0.1,0.99,0.1,877,9.2000,8,1
montecarlo,2000,0.1,0.99,0.1,878,9.2000,8,1
montecarlo,2000,0.1,0.99,0.1,879,9.0000,10,1
montecarlo,2000,0.1,0.99,0.1,880,9.2000,8,1
montecarlo,2000,0.1,0.99,0.1,881,9.2000,8,1
montecarlo,2000,0.1,0.99,0.1,882,7.0000,10,1
montecarlo,2000,0.1,0.99,0.1,883,8.1000,9,1
montecarlo,2000,0.1,0.99,0.1,884,9.2000,8,1
montecarlo,2000,0.1,0.99,0.1,885,8.1000,9,1
montecarlo,2000,0.1,0.99,0.1,886,9.0000,10,1
montecarlo,2000,0.1,0.99,0.1,887,9.2000,8,1
montecarlo,2000,0.1,0.99,0.1,888,9.0000,10,1
montecarlo,2000,0.1,0.99,0.1,889,9.2000,8,1
montecarlo,2000,0.1,0.99,0.1,890,9.2000,8,1
montecarlo,2000,0.1,0.99,0.1,891,8.1000,9,1
montecarlo,2000,0.1,0.99,0.1,892,5.9000,11,1
montecarlo,2000,0.1,0.99,0.1,893,9.2000,8,1
montecarlo,2000,0.1,0.99,0.1,894,9.0000,10,1
montecarlo,2000,0.1,0.99,0.1,895,9.2000,8,1
montecarlo,2000,0.1,0.99,0.1,896,9.0000,10,1
montecarlo,2000,0.1,0.99,0.1,897,9.0000,10,1
montecarlo,2000,0.1,0.99,0.1,898,9.2000,8,1
montecarlo,2000,0.1,0.99,0.1,899,9.2000,8,1
montecarlo,2000,0.1,0.99,0.1,900,7.9000,11,1
montecarlo,2000,0.1,0.99,0.1,901,9.2000,8,1
montecarlo,2000,0.1,0.99,0.1,902,9.0000,10,1
montecarlo,2000,0.1,0.99,0.1,903,9.2000,8,1
montecarlo,2000,0.1,0.99,0.1,904,9.2000,8,1
montecarlo,2000,0.1,0.99,0.1,905,8.8000,12,1
montecarlo,2000,0.1,0.99,0.1,906,8.1000,9,1
montecarlo,2000,0.1,0.99,0.1,907,7.9000,11,1
montecarlo,2000,0.1,0.99,0.1,908,9.2000,8,1
montecarlo,2000,0.1,0.99,0.1,909,8.1000,9,1
montecarlo,2000,0.1,0.99,0.1,910,9.0000,10,1
montecarlo,2000,0.1,0.99,0.1,911,9.2000,8,1
montecarlo,2000,0.1,0.99,0.1,912,7.9000,11,1
montecarlo,2000,0.1,0.99,0.1,913,9.0000,10,1
montecarlo,2000,0.1,0.99,0.1,914,9.2000,8,1
montecarlo,2000,0.1,0.99,0.1,915,9.2000,8,1
montecarlo,2000,0.1,0.99,0.1,916,8.1000,9,1
montecarlo,2000,0.1,0.99,0.1,917,9.0000,10,1
montecarlo,2000,0.1,0.99,0.1,918,8.1000,9,1
montecarlo,2000,0.1,0.99,0.1,919,9.2000,8,1
montecarlo,2000,0.1,0.99,0.1,920,9.2000,8,1
montecarlo,2000,0.1,0.99,0.1,921,9.2000,8,1
montecarlo,2000,0.1,0.99,0.1,922,9.0000,10,1
montecarlo,2000,0.1,0.99,0.1,923,9.0000,10,1
montecarlo,2000,0.1,0.99,0.1,924,9.2000,8,1
montecarlo,2000,0.1,0.99,0.1,925,7.9000,11,1
montecarlo,2000,0.1,0.99,0.1,926,9.2000,8,1
montecarlo,2000,0.1,0.99,0.1,927,9.2000,8,1
montecarlo,2000,0.1,0.99,0.1,928,9.2000,8,1
montecarlo,2000,0.1,0.99,0.1,929,8.1000,9,1
montecarlo,2000,0.1,0.99,0.1,930,9.0000,10,1
montecarlo,2000,0.1,0.99,0.1,931,8.8000,12,1
montecarlo,2000,0.1,0.99,0.1,932,9.2000,8,1
montecarlo,2000,0.1,0.99,0.1,933,7.0000,10,1
montecarlo,2000,0.1,0.99,0.1,934,9.0000,10,1
montecarlo,2000,0.1,0.99,0.1,935,9.0000,10,1
montecarlo,2000,0.1,0.99,0.1,936,9.2000,8,1
montecarlo,2000,0.1,0.99,0.1,937,8.1000,9,1
montecarlo,2000,0.1,0.99,0.1,938,9.2000,8,1
montecarlo,2000,0.1,0.99,0.1,939,9.2000,8,1
montecarlo,2000,0.1,0.99,0.1,940,9.2000,8,1
montecarlo,2000,0.1,0.99,0.1,941,9.2000,8,1
montecarlo,2000,0.1,0.99,0.1,942,8.1000,9,1
montecarlo,2000,0.1,0.99,0.1,943,9.0000,10,1
montecarlo,2000,0.1,0.99,0.1,944,9.2000,8,1
montecarlo,2000,0.1,0.99,0.1,945,9.2000,8,1
montecarlo,2000,0.1,0.99,0.1,946,9.2000,8,1
montecarlo,2000,0.1,0.99,0.1,947,9.0000,10,1
montecarlo,2000,0.1,0.99,0.1,948,9.2000,8,1
montecarlo,2000,0.1,0.99,0.1,949,9.2000,8,1
montecarlo,2000,0.1,0.99,0.1,950,9.0000,10,1
montecarlo,2000,0.1,0.99,0.1,951,8.1000,9,1
montecarlo,2000,0.1,0.99,0.1,952,9.0000,10,1
montecarlo,2000,0.1,0.99,0.1,953,9.2000,8,1
montecarlo,2000,0.1,0.99,0.1,954,5.9000,11,1
montecarlo,2000,0.1,0.99,0.1,955,9.2000,8,1
montecarlo,2000,0.1,0.99,0.1,956,9.2000,8,1
montecarlo,2000,0.1,0.99,0.1,957,9.2000,8,1
montecarlo,2000,0.1,0.99,0.1,958,9.2000,8,1
montecarlo,2000,0.1,0.99,0.1,959,9.2000,8,1
montecarlo,2000,0.1,0.99,0.1,960,9.2000,8,1
montecarlo,2000,0.1,0.99,0.1,961,9.2000,8,1
montecarlo,2000,0.1,0.99,0.1,962,9.2000,8,1
montecarlo,2000,0.1,0.99,0.1,963,9.0000,10,1
montecarlo,2000,0.1,0.99,0.1,964,8.1000,9,1
montecarlo,2000,0.1,0.99,0.1,965,9.2000,8,1
montecarlo,2000,0.1,0.99,0.1,966,8.8000,12,1
montecarlo,2000,0.1,0.99,0.1,967,9.2000,8,1
montecarlo,2000,0.1,0.99,0.1,968,9.2000,8,1
montecarlo,2000,0.1,0.99,0.1,969,9.2000,8,1
montecarlo,2000,0.1,0.99,0.1,970,9.0000,10,1
montecarlo,2000,0.1,0.99,0.1,971,7.0000,10,1
montecarlo,2000,0.1,0.99,0.1,972,9.2000,8,1
montecarlo,2000,0.1,0.99,0.1,973,8.6000,14,1
montecarlo,2000,0.1,0.99,0.1,974,9.2000,8,1
montecarlo,2000,0.1,0.99,0.1,975,8.1000,9,1
montecarlo,2000,0.1,0.99,0.1,976,9.2000,8,1
montecarlo,2000,0.1,0.99,0.1,977,6.8000,12,1
montecarlo,2000,0.1,0.99,0.1,978,9.0000,10,1
montecarlo,2000,0.1,0.99,0.1,979,9.2000,8,1
montecarlo,2000,0.1,0.99,0.1,980,7.9000,11,1
montecarlo,2000,0.1,0.99,0.1,981,9.2000,8,1
montecarlo,2000,0.1,0.99,0.1,982,8.1000,9,1
montecarlo,2000,0.1,0.99,0.1,983,9.2000,8,1
montecarlo,2000,0.1,0.99,0.1,984,9.2000,8,1
montecarlo,2000,0.1,0.99,0.1,985,9.2000,8,1
montecarlo,2000,0.1,0.99,0.1,986,8.1000,9,1
montecarlo,2000,0.1,0.99,0.1,987,9.2000,8,1
montecarlo,2000,0.1,0.99,0.1,988,9.2000,8,1
montecarlo,2000,0.1,0.99,0.1,989,9.2000,8,1
montecarlo,2000,0.1,0.99,0.1,990,9.0000,10,1
montecarlo,2000,0.1,0.99,0.1,991,7.7000,13,1
montecarlo,2000,0.1,0.99,0.1,992,9.2000,8,1
montecarlo,2000,0.1,0.99,0.1,993,9.2000,8,1
montecarlo,2000,0.1,0.99,0.1,994,9.0000,10,1
montecarlo,2000,0.1,0.99,0.1,995,9.2000,8,1
montecarlo,2000,0.1,0.99,0.1,996,8.8000,12,1
montecarlo,2000,0.1,0.99,0.1,997,7.9000,11,1
montecarlo,2000,0.1,0.99,0.1,998,9.2000,8,1
montecarlo,2000,0.1,0.99,0.1,999,9.2000,8,1
montecarlo,2000,0.1,0.99,0.1,1000,9.2000,8,1
montecarlo,2000,0.1,0.99,0.1,1001,8.1000,9,1
montecarlo,2000,0.1,0.99,0.1,1002,9.2000,8,1
montecarlo,2000,0.1,0.99,0.1,1003,8.1000,9,1
montecarlo,2000,0.1,0.99,0.1,1004,9.2000,8,1
montecarlo,2000,0.1,0.99,0.1,1005,9.0000,10,1
montecarlo,2000,0.1,0.99,0.1,1006,9.2000,8,1
montecarlo,2000,0.1,0.99,0.1,1007,8.8000,12,1
montecarlo,2000,0.1,0.99,0.1,1008,9.2000,8,1
montecarlo,2000,0.1,0.99,0.1,1009,9.2000,8,1
montecarlo,2000,0.1,0.99,0.1,1010,9.2000,8,1
montecarlo,2000,0.1,0.99,0.1,1011,8.1000,9,1
montecarlo,2000,0.1,0.99,0.1,1012,9.0000,10,1
montecarlo,2000,0.1,0.99,0.1,1013,9.2000,8,1
montecarlo,2000,0.1,0.99,0.1,1014,8.1000,9,1
montecarlo,2000,0.1,0.99,0.1,1015,9.2000,8,1
montecarlo,2000,0.1,0.99,0.1,1016,9.2000,8,1
montecarlo,2000,0.1,0.99,0.1,1017,8.1000,9,1
montecarlo,2000,0.1,0.99,0.1,1018,9.0000,10,1
montecarlo,2000,0.1,0.99,0.1,1019,9.2000,8,1
montecarlo,2000,0.1,0.99,0.1,1020,7.9000,11,1
montecarlo,2000,0.1,0.99,0.1,1021,7.9000,11,1
montecarlo,2000,0.1,0.99,0.1,1022,9.2000,8,1
montecarlo,2000,0.1,0.99,0.1,1023,8.1000,9,1
montecarlo,2000,0.1,0.99,0.1,1024,7.9000,11,1
montecarlo,2000,0.1,0.99,0.1,1025,9.2000,8,1
montecarlo,2000,0.1,0.99,0.1,1026,7.7000,13,1
montecarlo,2000,0.1,0.99,0.1,1027,9.2000,8,1
montecarlo,2000,0.1,0.99,0.1,1028,9.0000,10,1
montecarlo,2000,0.1,0.99,0.1,1029,9.0000,10,1
montecarlo,2000,0.1,0.99,0.1,1030,9.2000,8,1
montecarlo,2000,0.1,0.99,0.1,1031,8.8000,12,1
montecarlo,2000,0.1,0.99,0.1,1032,9.0000,10,1
montecarlo,2000,0.1,0.99,0.1,1033,9.2000,8,1
montecarlo,2000,0.1,0.99,0.1,1034,9.0000,10,1
montecarlo,2000,0.1,0.99,0.1,1035,9.0000,10,1
montecarlo,2000,0.1,0.99,0.1,1036,9.2000,8,1
montecarlo,2000,0.1,0.99,0.1,1037,9.2000,8,1
montecarlo,2000,0.1,0.99,0.1,1038,9.2000,8,1
montecarlo,2000,0.1,0.99,0.1,1039,9.0000,10,1
montecarlo,2000,0.1,0.99,0.1,1040,8.4000,16,1
montecarlo,2000,0.1,0.99,0.1,1041,8.1000,9,1
montecarlo,2000,0.1,0.99,0.1,1042,9.0000,10,1
montecarlo,2000,0.1,0.99,0.1,1043,8.1000,9,1
montecarlo,2000,0.1,0.99,0.1,1044,7.7000,13,1
montecarlo,2000,0.1,0.99,0.1,1045,6.8000,12,1
montecarlo,2000,0.1,0.99,0.1,1046,9.2000,8,1
montecarlo,2000,0.1,0.99,0.1,1047,9.2000,8,1
montecarlo,2000,0.1,0.99,0.1,1048,8.1000,9,1
montecarlo,2000,0.1,0.99,0.1,1049,8.1000,9,1
montecarlo,2000,0.1,0.99,0.1,1050,9.2000,8,1
montecarlo,2000,0.1,0.99,0.1,1051,9.2000,8,1
montecarlo,2000,0.1,0.99,0.1,1052,9.2000,8,1
montecarlo,2000,0.1,0.99,0.1,1053,5.9000,11,1
montecarlo,2000,0.1,0.99,0.1,1054,9.2000,8,1
montecarlo,2000,0.1,0.99,0.1,1055,9.2000,8,1
montecarlo,2000,0.1,0.99,0.1,1056,9.2000,8,1
montecarlo,2000,0.1,0.99,0.1,1057,9.2000,8,1
montecarlo,2000,0.1,0.99,0.1,1058,9.2000,8,1
montecarlo,2000,0.1,0.99,0.1,1059,9.2000,8,1
montecarlo,2000,0.1,0.99,0.1,1060,9.2000,8,1
montecarlo,2000,0.1,0.99,0.1,1061,9.2000,8,1
montecarlo,2000,0.1,0.99,0.1,1062,9.0000,10,1
montecarlo,2000,0.1,0.99,0.1,1063,7.0000,10,1
montecarlo,2000,0.1,0.99,0.1,1064,9.2000,8,1
montecarlo,2000,0.1,0.99,0.1,1065,8.1000,9,1
montecarlo,2000,0.1,0.99,0.1,1066,9.2000,8,1
montecarlo,2000,0.1,0.99,0.1,1067,8.8000,12,1
montecarlo,2000,0.1,0.99,0.1,1068,9.2000,8,1
montecarlo,2000,0.1,0.99,0.1,1069,9.0000,10,1
montecarlo,2000,0.1,0.99,0.1,1070,9.2000,8,1
montecarlo,2000,0.1,0.99,0.1,1071,9.0000,10,1
montecarlo,2000,0.1,0.99,0.1,1072,8.1000,9,1
montecarlo,2000,0.1,0.99,0.1,1073,8.8000,12,1
montecarlo,2000,0.1,0.99,0.1,1074,9.2000,8,1
montecarlo,2000,0.1,0.99,0.1,1075,9.0000,10,1
montecarlo,2000,0.1,0.99,0.1,1076,8.1000,9,1
montecarlo,2000,0.1,0.99,0.1,1077,9.2000,8,1
montecarlo,2000,0.1,0.99,0.1,1078,8.8000,12,1
montecarlo,2000,0.1,0.99,0.1,1079,9.2000,8,1
montecarlo,2000,0.1,0.99,0.1,1080,5.9000,11,1
montecarlo,2000,0.1,0.99,0.1,1081,8.1000,9,1
montecarlo,2000,0.1,0.99,0.1,1082,8.1000,9,1
montecarlo,2000,0.1,0.99,0.1,1083,9.2000,8,1
montecarlo,2000,0.1,0.99,0.1,1084,9.2000,8,1
montecarlo,2000,0.1,0.99,0.1,1085,8.1000,9,1
montecarlo,2000,0.1,0.99,0.1,1086,9.2000,8,1
montecarlo,2000,0.1,0.99,0.1,1087,9.2000,8,1
montecarlo,2000,0.1,0.99,0.1,1088,9.2000,8,1
montecarlo,2000,0.1,0.99,0.1,1089,8.1000,9,1
montecarlo,2000,0.1,0.99,0.1,1090,9.2000,8,1
montecarlo,2000,0.1,0.99,0.1,1091,9.2000,8,1
montecarlo,2000,0.1,0.99,0.1,1092,8.1000,9,1
montecarlo,2000,0.1,0.99,0.1,1093,9.0000,10,1
montecarlo,2000,0.1,0.99,0.1,1094,9.2000,8,1
montecarlo,2000,0.1,0.99,0.1,1095,9.0000,10,1
montecarlo,2000,0.1,0.99,0.1,1096,8.1000,9,1
montecarlo,2000,0.1,0.99,0.1,1097,9.0000,10,1
montecarlo,2000,0.1,0.99,0.1,1098,9.0000,10,1
montecarlo,2000,0.1,0.99,0.1,1099,9.2000,8,1
montecarlo,2000,0.1,0.99,0.1,1100,8.1000,9,1
montecarlo,2000,0.1,0.99,0.1,1101,8.1000,9,1
montecarlo,2000,0.1,0.99,0.1,1102,9.2000,8,1
montecarlo,2000,0.1,0.99,0.1,1103,9.2000,8,1
montecarlo,2000,0.1,0.99,0.1,1104,9.0000,10,1
montecarlo,2000,0.1,0.99,0.1,1105,8.8000,12,1
montecarlo,2000,0.1,0.99,0.1,1106,9.2000,8,1
montecarlo,2000,0.1,0.99,0.1,1107,8.8000,12,1
montecarlo,2000,0.1,0.99,0.1,1108,8.8000,12,1
montecarlo,2000,0.1,0.99,0.1,1109,9.2000,8,1
montecarlo,2000,0.1,0.99,0.1,1110,8.1000,9,1
montecarlo,2000,0.1,0.99,0.1,1111,9.2000,8,1
montecarlo,2000,0.1,0.99,0.1,1112,9.2000,8,1
montecarlo,2000,0.1,0.99,0.1,1113,9.2000,8,1
montecarlo,2000,0.1,0.99,0.1,1114,9.2000,8,1
montecarlo,2000,0.1,0.99,0.1,1115,9.2000,8,1
montecarlo,2000,0.1,0.99,0.1,1116,9.2000,8,1
montecarlo,2000,0.1,0.99,0.1,1117,9.2000,8,1
montecarlo,2000,0.1,0.99,0.1,1118,8.8000,12,1
montecarlo,2000,0.1,0.99,0.1,1119,9.2000,8,1
montecarlo,2000,0.1,0.99,0.1,1120,9.2000,8,1
montecarlo,2000,0.1,0.99,0.1,1121,5.9000,11,1
montecarlo,2000,0.1,0.99,0.1,1122,9.2000,8,1
montecarlo,2000,0.1,0.99,0.1,1123,9.0000,10,1
montecarlo,2000,0.1,0.99,0.1,1124,8.1000,9,1
montecarlo,2000,0.1,0.99,0.1,1125,9.2000,8,1
montecarlo,2000,0.1,0.99,0.1,1126,8.1000,9,1
montecarlo,2000,0.1,0.99,0.1,1127,9.2000,8,1
montecarlo,2000,0.1,0.99,0.1,1128,9.2000,8,1
montecarlo,2000,0.1,0.99,0.1,1129,9.2000,8,1
montecarlo,2000,0.1,0.99,0.1,1130,9.2000,8,1
montecarlo,2000,0.1,0.99,0.1,1131,9.0000,10,1
montecarlo,2000,0.1,0.99,0.1,1132,9.2000,8,1
montecarlo,2000,0.1,0.99,0.1,1133,9.2000,8,1
montecarlo,2000,0.1,0.99,0.1,1134,9.2000,8,1
montecarlo,2000,0.1,0.99,0.1,1135,9.2000,8,1
montecarlo,2000,0.1,0.99,0.1,1136,8.8000,12,1
montecarlo,2000,0.1,0.99,0.1,1137,9.2000,8,1
montecarlo,2000,0.1,0.99,0.1,1138,9.2000,8,1
montecarlo,2000,0.1,0.99,0.1,1139,7.9000,11,1
montecarlo,2000,0.1,0.99,0.1,1140,9.2000,8,1
montecarlo,2000,0.1,0.99,0.1,1141,9.0000,10,1
montecarlo,2000,0.1,0.99,0.1,1142,9.2000,8,1
montecarlo,2000,0.1,0.99,0.1,1143,8.6000,14,1
montecarlo,2000,0.1,0.99,0.1,1144,8.8000,12,1
montecarlo,2000,0.1,0.99,0.1,1145,9.2000,8,1
montecarlo,2000,0.1,0.99,0.1,1146,9.2000,8,1
montecarlo,2000,0.1,0.99,0.1,1147,8.1000,9,1
montecarlo,2000,0.1,0.99,0.1,1148,9.2000,8,1
montecarlo,2000,0.1,0.99,0.1,1149,7.9000,11,1
montecarlo,2000,0.1,0.99,0.1,1150,9.2000,8,1
montecarlo,2000,0.1,0.99,0.1,1151,9.2000,8,1
montecarlo,2000,0.1,0.99,0.1,1152,9.2000,8,1
montecarlo,2000,0.1,0.99,0.1,1153,9.2000,8,1
montecarlo,2000,0.1,0.99,0.1,1154,9.2000,8,1
montecarlo,2000,0.1,0.99,0.1,1155,7.9000,11,1
montecarlo,2000,0.1,0.99,0.1,1156,9.2000,8,1
montecarlo,2000,0.1,0.99,0.1,1157,9.2000,8,1
montecarlo,2000,0.1,0.99,0.1,1158,9.2000,8,1
montecarlo,2000,0.1,0.99,0.1,1159,9.2000,8,1
montecarlo,2000,0.1,0.99,0.1,1160,9.2000,8,1
montecarlo,2000,0.1,0.99,0.1,1161,9.2000,8,1
montecarlo,2000,0.1,0.99,0.1,1162,9.0000,10,1
montecarlo,2000,0.1,0.99,0.1,1163,9.2000,8,1
montecarlo,2000,0.1,0.99,0.1,1164,8.1000,9,1
montecarlo,2000,0.1,0.99,0.1,1165,9.2000,8,1
montecarlo,2000,0.1,0.99,0.1,1166,9.2000,8,1
montecarlo,2000,0.1,0.99,0.1,1167,7.7000,13,1
montecarlo,2000,0.1,0.99,0.1,1168,9.2000,8,1
montecarlo,2000,0.1,0.99,0.1,1169,9.2000,8,1
montecarlo,2000,0.1,0.99,0.1,1170,8.1000,9,1
montecarlo,2000,0.1,0.99,0.1,1171,9.2000,8,1
montecarlo,2000,0.1,0.99,0.1,1172,9.2000,8,1
montecarlo,2000,0.1,0.99,0.1,1173,7.0000,10,1
montecarlo,2000,0.1,0.99,0.1,1174,9.2000,8,1
montecarlo,2000,0.1,0.99,0.1,1175,9.0000,10,1
montecarlo,2000,0.1,0.99,0.1,1176,8.8000,12,1
montecarlo,2000,0.1,0.99,0.1,1177,9.2000,8,1
montecarlo,2000,0.1,0.99,0.1,1178,9.2000,8,1
montecarlo,2000,0.1,0.99,0.1,1179,9.2000,8,1
montecarlo,2000,0.1,0.99,0.1,1180,9.2000,8,1
montecarlo,2000,0.1,0.99,0.1,1181,9.2000,8,1
montecarlo,2000,0.1,0.99,0.1,1182,9.2000,8,1
montecarlo,2000,0.1,0.99,0.1,1183,9.2000,8,1
montecarlo,2000,0.1,0.99,0.1,1184,9.2000,8,1
montecarlo,2000,0.1,0.99,0.1,1185,8.8000,12,1
montecarlo,2000,0.1,0.99,0.1,1186,9.2000,8,1
montecarlo,2000,0.1,0.99,0.1,1187,9.2000,8,1
montecarlo,2000,0.1,0.99,0.1,1188,7.9000,11,1
montecarlo,2000,0.1,0.99,0.1,1189,9.2000,8,1
montecarlo,2000,0.1,0.99,0.1,1190,9.2000,8,1
montecarlo,2000,0.1,0.99,0.1,1191,8.1000,9,1
montecarlo,2000,0.1,0.99,0.1,1192,9.2000,8,1
montecarlo,2000,0.1,0.99,0.1,1193,8.8000,12,1
montecarlo,2000,0.1,0.99,0.1,1194,9.0000,10,1
montecarlo,2000,0.1,0.99,0.1,1195,9.2000,8,1
montecarlo,2000,0.1,0.99,0.1,1196,9.2000,8,1
montecarlo,2000,0.1,0.99,0.1,1197,8.8000,12,1
montecarlo,2000,0.1,0.99,0.1,1198,9.0000,10,1
montecarlo,2000,0.1,0.99,0.1,1199,9.0000,10,1
montecarlo,2000,0.1,0.99,0.1,1200,9.2000,8,1
montecarlo,2000,0.1,0.99,0.1,1201,7.9000,11,1
montecarlo,2000,0.1,0.99,0.1,1202,9.0000,10,1
montecarlo,2000,0.1,0.99,0.1,1203,8.1000,9,1
montecarlo,2000,0.1,0.99,0.1,1204,9.2000,8,1
montecarlo,2000,0.1,0.99,0.1,1205,8.1000,9,1
montecarlo,2000,0.1,0.99,0.1,1206,9.2000,8,1
montecarlo,2000,0.1,0.99,0.1,1207,9.0000,10,1
montecarlo,2000,0.1,0.99,0.1,1208,9.0000,10,1
montecarlo,2000,0.1,0.99,0.1,1209,9.0000,10,1
montecarlo,2000,0.1,0.99,0.1,1210,9.2000,8,1
montecarlo,2000,0.1,0.99,0.1,1211,9.2000,8,1
montecarlo,2000,0.1,0.99,0.1,1212,7.7000,13,1
montecarlo,2000,0.1,0.99,0.1,1213,9.0000,10,1
montecarlo,2000,0.1,0.99,0.1,1214,8.8000,12,1
montecarlo,2000,0.1,0.99,0.1,1215,9.2000,8,1
montecarlo,2000,0.1,0.99,0.1,1216,9.2000,8,1
montecarlo,2000,0.1,0.99,0.1,1217,9.2000,8,1
montecarlo,2000,0.1,0.99,0.1,1218,8.1000,9,1
montecarlo,2000,0.1,0.99,0.1,1219,9.2000,8,1
montecarlo,2000,0.1,0.99,0.1,1220,8.8000,12,1
montecarlo,2000,0.1,0.99,0.1,1221,9.0000,10,1
montecarlo,2000,0.1,0.99,0.1,1222,9.2000,8,1
montecarlo,2000,0.1,0.99,0.1,1223,9.2000,8,1
montecarlo,2000,0.1,0.99,0.1,1224,9.2000,8,1
montecarlo,2000,0.1,0.99,0.1,1225,8.1000,9,1
montecarlo,2000,0.1,0.99,0.1,1226,9.2000,8,1
montecarlo,2000,0.1,0.99,0.1,1227,9.0000,10,1
montecarlo,2000,0.1,0.99,0.1,1228,9.2000,8,1
montecarlo,2000,0.1,0.99,0.1,1229,8.1000,9,1
montecarlo,2000,0.1,0.99,0.1,1230,9.2000,8,1
montecarlo,2000,0.1,0.99,0.1,1231,9.0000,10,1
montecarlo,2000,0.1,0.99,0.1,1232,9.2000,8,1
montecarlo,2000,0.1,0.99,0.1,1233,8.8000,12,1
montecarlo,2000,0.1,0.99,0.1,1234,9.2000,8,1
montecarlo,2000,0.1,0.99,0.1,1235,7.9000,11,1
montecarlo,2000,0.1,0.99,0.1,1236,8.1000,9,1
montecarlo,2000,0.1,0.99,0.1,1237,9.2000,8,1
montecarlo,2000,0.1,0.99,0.1,1238,9.2000,8,1
montecarlo,2000,0.1,0.99,0.1,1239,8.8000,12,1
montecarlo,2000,0.1,0.99,0.1,1240,8.8000,12,1
montecarlo,2000,0.1,0.99,0.1,1241,9.2000,8,1
montecarlo,2000,0.1,0.99,0.1,1242,9.0000,10,1
montecarlo,2000,0.1,0.99,0.1,1243,9.2000,8,1
montecarlo,2000,0.1,0.99,0.1,1244,9.2000,8,1
montecarlo,2000,0.1,0.99,0.1,1245,8.8000,12,1
montecarlo,2000,0.1,0.99,0.1,1246,8.1000,9,1
montecarlo,2000,0.1,0.99,0.1,1247,8.1000,9,1
montecarlo,2000,0.1,0.99,0.1,1248,8.1000,9,1
montecarlo,2000,0.1,0.99,0.1,1249,9.2000,8,1
montecarlo,2000,0.1,0.99,0.1,1250,9.2000,8,1
montecarlo,2000,0.1,0.99,0.1,1251,8.1000,9,1
montecarlo,2000,0.1,0.99,0.1,1252,9.2000,8,1
montecarlo,2000,0.1,0.99,0.1,1253,9.2000,8,1
montecarlo,2000,0.1,0.99,0.1,1254,9.2000,8,1
montecarlo,2000,0.1,0.99,0.1,1255,9.0000,10,1
montecarlo,2000,0.1,0.99,0.1,1256,9.2000,8,1
montecarlo,2000,0.1,0.99,0.1,1257,8.1000,9,1
montecarlo,2000,0.1,0.99,0.1,1258,9.2000,8,1
montecarlo,2000,0.1,0.99,0.1,1259,9.2000,8,1
montecarlo,2000,0.1,0.99,0.1,1260,8.1000,9,1
montecarlo,2000,0.1,0.99,0.1,1261,9.2000,8,1
montecarlo,2000,0.1,0.99,0.1,1262,9.0000,10,1
montecarlo,2000,0.1,0.99,0.1,1263,9.0000,10,1
montecarlo,2000,0.1,0.99,0.1,1264,9.2000,8,1
montecarlo,2000,0.1,0.99,0.1,1265,8.1000,9,1
montecarlo,2000,0.1,0.99,0.1,1266,9.0000,10,1
montecarlo,2000,0.1,0.99,0.1,1267,9.2000,8,1
montecarlo,2000,0.1,0.99,0.1,1268,9.0000,10,1
montecarlo,2000,0.1,0.99,0.1,1269,9.2000,8,1
montecarlo,2000,0.1,0.99,0.1,1270,7.9000,11,1
montecarlo,2000,0.1,0.99,0.1,1271,9.2000,8,1
montecarlo,2000,0.1,0.99,0.1,1272,7.9000,11,1
montecarlo,2000,0.1,0.99,0.1,1273,9.2000,8,1
montecarlo,2000,0.1,0.99,0.1,1274,7.9000,11,1
montecarlo,2000,0.1,0.99,0.1,1275,4.6000,14,1
montecarlo,2000,0.1,0.99,0.1,1276,8.8000,12,1
montecarlo,2000,0.1,0.99,0.1,1277,8.1000,9,1
montecarlo,2000,0.1,0.99,0.1,1278,5.7000,13,1
montecarlo,2000,0.1,0.99,0.1,1279,9.2000,8,1
montecarlo,2000,0.1,0.99,0.1,1280,9.0000,10,1
montecarlo,2000,0.1,0.99,0.1,1281,8.1000,9,1
montecarlo,2000,0.1,0.99,0.1,1282,9.2000,8,1
montecarlo,2000,0.1,0.99,0.1,1283,8.1000,9,1
montecarlo,2000,0.1,0.99,0.1,1284,9.2000,8,1
montecarlo,2000,0.1,0.99,0.1,1285,9.2000,8,1
montecarlo,2000,0.1,0.99,0.1,1286,9.2000,8,1
montecarlo,2000,0.1,0.99,0.1,1287,9.2000,8,1
montecarlo,2000,0.1,0.99,0.1,1288,9.2000,8,1
montecarlo,2000,0.1,0.99,0.1,1289,8.1000,9,1
montecarlo,2000,0.1,0.99,0.1,1290,9.2000,8,1
montecarlo,2000,0.1,0.99,0.1,1291,7.7000,13,1
montecarlo,2000,0.1,0.99,0.1,1292,9.2000,8,1
montecarlo,2000,0.1,0.99,0.1,1293,9.0000,10,1
montecarlo,2000,0.1,0.99,0.1,1294,9.2000,8,1
montecarlo,2000,0.1,0.99,0.1,1295,9.2000,8,1
montecarlo,2000,0.1,0.99,0.1,1296,9.2000,8,1
montecarlo,2000,0.1,0.99,0.1,1297,8.1000,9,1
montecarlo,2000,0.1,0.99,0.1,1298,9.2000,8,1
montecarlo,2000,0.1,0.99,0.1,1299,9.0000,10,1
montecarlo,2000,0.1,0.99,0.1,1300,8.1000,9,1
montecarlo,2000,0.1,0.99,0.1,1301,9.2000,8,1
montecarlo,2000,0.1,0.99,0.1,1302,9.2000,8,1
montecarlo,2000,0.1,0.99,0.1,1303,9.2000,8,1
montecarlo,2000,0.1,0.99,0.1,1304,8.1000,9,1
montecarlo,2000,0.1,0.99,0.1,1305,9.2000,8,1
montecarlo,2000,0.1,0.99,0.1,1306,9.2000,8,1
montecarlo,2000,0.1,0.99,0.1,1307,7.7000,13,1
montecarlo,2000,0.1,0.99,0.1,1308,9.2000,8,1
montecarlo,2000,0.1,0.99,0.1,1309,9.2000,8,1
montecarlo,2000,0.1,0.99,0.1,1310,8.8000,12,1
montecarlo,2000,0.1,0.99,0.1,1311,8.6000,14,1
montecarlo,2000,0.1,0.99,0.1,1312,9.2000,8,1
montecarlo,2000,0.1,0.99,0.1,1313,9.2000,8,1
montecarlo,2000,0.1,0.99,0.1,1314,9.0000,10,1
montecarlo,2000,0.1,0.99,0.1,1315,9.2000,8,1
montecarlo,2000,0.1,0.99,0.1,1316,9.2000,8,1
montecarlo,2000,0.1,0.99,0.1,1317,9.2000,8,1
montecarlo,2000,0.1,0.99,0.1,1318,9.2000,8,1
montecarlo,2000,0.1,0.99,0.1,1319,9.0000,10,1
montecarlo,2000,0.1,0.99,0.1,1320,9.2000,8,1
montecarlo,2000,0.1,0.99,0.1,1321,9.2000,8,1
montecarlo,2000,0.1,0.99,0.1,1322,7.9000,11,1
montecarlo,2000,0.1,0.99,0.1,1323,9.0000,10,1
montecarlo,2000,0.1,0.99,0.1,1324,9.0000,10,1
montecarlo,2000,0.1,0.99,0.1,1325,9.2000,8,1
montecarlo,2000,0.1,0.99,0.1,1326,9.2000,8,1
montecarlo,2000,0.1,0.99,0.1,1327,9.2000,8,1
montecarlo,2000,0.1,0.99,0.1,1328,8.1000,9,1
montecarlo,2000,0.1,0.99,0.1,1329,9.0000,10,1
montecarlo,2000,0.1,0.99,0.1,1330,9.2000,8,1
montecarlo,2000,0.1,0.99,0.1,1331,9.2000,8,1
montecarlo,2000,0.1,0.99,0.1,1332,9.2000,8,1
montecarlo,2000,0.1,0.99,0.1,1333,8.8000,12,1
montecarlo,2000,0.1,0.99,0.1,1334,9.0000,10,1
montecarlo,2000,0.1,0.99,0.1,1335,8.1000,9,1
montecarlo,2000,0.1,0.99,0.1,1336,9.0000,10,1
montecarlo,2000,0.1,0.99,0.1,1337,8.1000,9,1
montecarlo,2000,0.1,0.99,0.1,1338,7.7000,13,1
montecarlo,2000,0.1,0.99,0.1,1339,7.9000,11,1
montecarlo,2000,0.1,0.99,0.1,1340,9.2000,8,1
montecarlo,2000,0.1,0.99,0.1,1341,8.8000,12,1
montecarlo,2000,0.1,0.99,0.1,1342,9.2000,8,1
montecarlo,2000,0.1,0.99,0.1,1343,9.0000,10,1
montecarlo,2000,0.1,0.99,0.1,1344,9.2000,8,1
montecarlo,2000,0.1,0.99,0.1,1345,9.0000,10,1
montecarlo,2000,0.1,0.99,0.1,1346,9.0000,10,1
montecarlo,2000,0.1,0.99,0.1,1347,8.1000,9,1
montecarlo,2000,0.1,0.99,0.1,1348,9.2000,8,1
montecarlo,2000,0.1,0.99,0.1,1349,9.2000,8,1
montecarlo,2000,0.1,0.99,0.1,1350,9.2000,8,1
montecarlo,2000,0.1,0.99,0.1,1351,8.8000,12,1
montecarlo,2000,0.1,0.99,0.1,1352,8.1000,9,1
montecarlo,2000,0.1,0.99,0.1,1353,7.5000,15,1
montecarlo,2000,0.1,0.99,0.1,1354,9.2000,8,1
montecarlo,2000,0.1,0.99,0.1,1355,8.1000,9,1
montecarlo,2000,0.1,0.99,0.1,1356,8.1000,9,1
montecarlo,2000,0.1,0.99,0.1,1357,8.8000,12,1
montecarlo,2000,0.1,0.99,0.1,1358,9.2000,8,1
montecarlo,2000,0.1,0.99,0.1,1359,9.0000,10,1
montecarlo,2000,0.1,0.99,0.1,1360,9.2000,8,1
montecarlo,2000,0.1,0.99,0.1,1361,9.2000,8,1
montecarlo,2000,0.1,0.99,0.1,1362,9.0000,10,1
montecarlo,2000,0.1,0.99,0.1,1363,9.2000,8,1
montecarlo,2000,0.1,0.99,0.1,1364,7.0000,10,1
montecarlo,2000,0.1,0.99,0.1,1365,9.0000,10,1
montecarlo,2000,0.1,0.99,0.1,1366,9.2000,8,1
montecarlo,2000,0.1,0.99,0.1,1367,8.8000,12,1
montecarlo,2000,0.1,0.99,0.1,1368,9.2000,8,1
montecarlo,2000,0.1,0.99,0.1,1369,9.2000,8,1
montecarlo,2000,0.1,0.99,0.1,1370,9.2000,8,1
montecarlo,2000,0.1,0.99,0.1,1371,9.2000,8,1
montecarlo,2000,0.1,0.99,0.1,1372,9.0000,10,1
montecarlo,2000,0.1,0.99,0.1,1373,8.6000,14,1
montecarlo,2000,0.1,0.99,0.1,1374,9.0000,10,1
montecarlo,2000,0.1,0.99,0.1,1375,9.2000,8,1
montecarlo,2000,0.1,0.99,0.1,1376,9.2000,8,1
montecarlo,2000,0.1,0.99,0.1,1377,8.1000,9,1
montecarlo,2000,0.1,0.99,0.1,1378,9.0000,10,1
montecarlo,2000,0.1,0.99,0.1,1379,9.2000,8,1
montecarlo,2000,0.1,0.99,0.1,1380,9.2000,8,1
montecarlo,2000,0.1,0.99,0.1,1381,9.2000,8,1
montecarlo,2000,0.1,0.99,0.1,1382,9.2000,8,1
montecarlo,2000,0.1,0.99,0.1,1383,8.8000,12,1
montecarlo,2000,0.1,0.99,0.1,1384,9.2000,8,1
montecarlo,2000,0.1,0.99,0.1,1385,9.2000,8,1
montecarlo,2000,0.1,0.99,0.1,1386,8.1000,9,1
montecarlo,2000,0.1,0.99,0.1,1387,9.2000,8,1
montecarlo,2000,0.1,0.99,0.1,1388,9.2000,8,1
montecarlo,2000,0.1,0.99,0.1,1389,9.2000,8,1
montecarlo,2000,0.1,0.99,0.1,1390,8.1000,9,1
montecarlo,2000,0.1,0.99,0.1,1391,9.2000,8,1
montecarlo,2000,0.1,0.99,0.1,1392,9.2000,8,1
montecarlo,2000,0.1,0.99,0.1,1393,9.0000,10,1
montecarlo,2000,0.1,0.99,0.1,1394,8.6000,14,1
montecarlo,2000,0.1,0.99,0.1,1395,9.0000,10,1
montecarlo,2000,0.1,0.99,0.1,1396,9.2000,8,1
montecarlo,2000,0.1,0.99,0.1,1397,9.2000,8,1
montecarlo,2000,0.1,0.99,0.1,1398,9.2000,8,1
montecarlo,2000,0.1,0.99,0.1,1399,9.2000,8,1
montecarlo,2000,0.1,0.99,0.1,1400,9.2000,8,1
montecarlo,2000,0.1,0.99,0.1,1401,9.2000,8,1
montecarlo,2000,0.1,0.99,0.1,1402,9.2000,8,1
montecarlo,2000,0.1,0.99,0.1,1403,9.2000,8,1
montecarlo,2000,0.1,0.99,0.1,1404,7.9000,11,1
montecarlo,2000,0.1,0.99,0.1,1405,9.0000,10,1
montecarlo,2000,0.1,0.99,0.1,1406,7.0000,10,1
montecarlo,2000,0.1,0.99,0.1,1407,9.2000,8,1
montecarlo,2000,0.1,0.99,0.1,1408,9.2000,8,1
montecarlo,2000,0.1,0.99,0.1,1409,9.2000,8,1
montecarlo,2000,0.1,0.99,0.1,1410,9.2000,8,1
montecarlo,2000,0.1,0.99,0.1,1411,9.0000,10,1
montecarlo,2000,0.1,0.99,0.1,1412,9.2000,8,1
montecarlo,2000,0.1,0.99,0.1,1413,9.2000,8,1
montecarlo,2000,0.1,0.99,0.1,1414,8.8000,12,1
montecarlo,2000,0.1,0.99,0.1,1415,9.0000,10,1
montecarlo,2000,0.1,0.99,0.1,1416,8.1000,9,1
montecarlo,2000,0.1,0.99,0.1,1417,9.2000,8,1
montecarlo,2000,0.1,0.99,0.1,1418,9.2000,8,1
montecarlo,2000,0.1,0.99,0.1,1419,8.1000,9,1
montecarlo,2000,0.1,0.99,0.1,1420,9.2000,8,1
montecarlo,2000,0.1,0.99,0.1,1421,9.2000,8,1
montecarlo,2000,0.1,0.99,0.1,1422,9.2000,8,1
montecarlo,2000,0.1,0.99,0.1,1423,9.2000,8,1
montecarlo,2000,0.1,0.99,0.1,1424,9.2000,8,1
montecarlo,2000,0.1,0.99,0.1,1425,9.2000,8,1
montecarlo,2000,0.1,0.99,0.1,1426,9.2000,8,1
montecarlo,2000,0.1,0.99,0.1,1427,9.0000,10,1
montecarlo,2000,0.1,0.99,0.1,1428,8.1000,9,1
montecarlo,2000,0.1,0.99,0.1,1429,9.2000,8,1
montecarlo,2000,0.1,0.99,0.1,1430,9.2000,8,1
montecarlo,2000,0.1,0.99,0.1,1431,9.0000,10,1
montecarlo,2000,0.1,0.99,0.1,1432,9.0000,10,1
montecarlo,2000,0.1,0.99,0.1,1433,9.2000,8,1
montecarlo,2000,0.1,0.99,0.1,1434,9.2000,8,1
montecarlo,2000,0.1,0.99,0.1,1435,7.0000,10,1
montecarlo,2000,0.1,0.99,0.1,1436,9.2000,8,1
montecarlo,2000,0.1,0.99,0.1,1437,7.9000,11,1
montecarlo,2000,0.1,0.99,0.1,1438,9.2000,8,1
montecarlo,2000,0.1,0.99,0.1,1439,9.2000,8,1
montecarlo,2000,0.1,0.99,0.1,1440,8.1000,9,1
montecarlo,2000,0.1,0.99,0.1,1441,9.2000,8,1
montecarlo,2000,0.1,0.99,0.1,1442,9.2000,8,1
montecarlo,2000,0.1,0.99,0.1,1443,9.2000,8,1
montecarlo,2000,0.1,0.99,0.1,1444,9.0000,10,1
montecarlo,2000,0.1,0.99,0.1,1445,9.2000,8,1
montecarlo,2000,0.1,0.99,0.1,1446,8.1000,9,1
montecarlo,2000,0.1,0.99,0.1,1447,9.0000,10,1
montecarlo,2000,0.1,0.99,0.1,1448,9.2000,8,1
montecarlo,2000,0.1,0.99,0.1,1449,9.2000,8,1
montecarlo,2000,0.1,0.99,0.1,1450,9.2000,8,1
montecarlo,2000,0.1,0.99,0.1,1451,9.2000,8,1
montecarlo,2000,0.1,0.99,0.1,1452,9.2000,8,1
montecarlo,2000,0.1,0.99,0.1,1453,9.2000,8,1
montecarlo,2000,0.1,0.99,0.1,1454,9.2000,8,1
montecarlo,2000,0.1,0.99,0.1,1455,8.8000,12,1
montecarlo,2000,0.1,0.99,0.1,1456,9.2000,8,1
montecarlo,2000,0.1,0.99,0.1,1457,9.2000,8,1
montecarlo,2000,0.1,0.99,0.1,1458,9.2000,8,1
montecarlo,2000,0.1,0.99,0.1,1459,8.1000,9,1
montecarlo,2000,0.1,0.99,0.1,1460,8.1000,9,1
montecarlo,2000,0.1,0.99,0.1,1461,9.0000,10,1
montecarlo,2000,0.1,0.99,0.1,1462,7.9000,11,1
montecarlo,2000,0.1,0.99,0.1,1463,8.1000,9,1
montecarlo,2000,0.1,0.99,0.1,1464,9.2000,8,1
montecarlo,2000,0.1,0.99,0.1,1465,9.2000,8,1
montecarlo,2000,0.1,0.99,0.1,1466,9.0000,10,1
montecarlo,2000,0.1,0.99,0.1,1467,9.2000,8,1
montecarlo,2000,0.1,0.99,0.1,1468,9.2000,8,1
montecarlo,2000,0.1,0.99,0.1,1469,9.2000,8,1
montecarlo,2000,0.1,0.99,0.1,1470,9.2000,8,1
montecarlo,2000,0.1,0.99,0.1,1471,9.0000,10,1
montecarlo,2000,0.1,0.99,0.1,1472,9.2000,8,1
montecarlo,2000,0.1,0.99,0.1,1473,9.2000,8,1
montecarlo,2000,0.1,0.99,0.1,1474,9.2000,8,1
montecarlo,2000,0.1,0.99,0.1,1475,9.2000,8,1
montecarlo,2000,0.1,0.99,0.1,1476,7.7000,13,1
montecarlo,2000,0.1,0.99,0.1,1477,9.0000,10,1
montecarlo,2000,0.1,0.99,0.1,1478,9.2000,8,1
montecarlo,2000,0.1,0.99,0.1,1479,9.2000,8,1
montecarlo,2000,0.1,0.99,0.1,1480,9.2000,8,1
montecarlo,2000,0.1,0.99,0.1,1481,8.1000,9,1
montecarlo,2000,0.1,0.99,0.1,1482,9.2000,8,1
montecarlo,2000,0.1,0.99,0.1,1483,9.2000,8,1
montecarlo,2000,0.1,0.99,0.1,1484,9.2000,8,1
montecarlo,2000,0.1,0.99,0.1,1485,6.8000,12,1
montecarlo,2000,0.1,0.99,0.1,1486,8.1000,9,1
montecarlo,2000,0.1,0.99,0.1,1487,9.0000,10,1
montecarlo,2000,0.1,0.99,0.1,1488,9.2000,8,1
montecarlo,2000,0.1,0.99,0.1,1489,7.9000,11,1
montecarlo,2000,0.1,0.99,0.1,1490,9.2000,8,1
montecarlo,2000,0.1,0.99,0.1,1491,9.2000,8,1
montecarlo,2000,0.1,0.99,0.1,1492,8.8000,12,1
montecarlo,2000,0.1,0.99,0.1,1493,9.2000,8,1
montecarlo,2000,0.1,0.99,0.1,1494,9.2000,8,1
montecarlo,2000,0.1,0.99,0.1,1495,9.2000,8,1
montecarlo,2000,0.1,0.99,0.1,1496,9.2000,8,1
montecarlo,2000,0.1,0.99,0.1,1497,9.2000,8,1
montecarlo,2000,0.1,0.99,0.1,1498,9.0000,10,1
montecarlo,2000,0.1,0.99,0.1,1499,8.1000,9,1
montecarlo,2000,0.1,0.99,0.1,1500,9.2000,8,1
montecarlo,2000,0.1,0.99,0.1,1501,9.2000,8,1
montecarlo,2000,0.1,0.99,0.1,1502,9.2000,8,1
montecarlo,2000,0.1,0.99,0.1,1503,9.2000,8,1
montecarlo,2000,0.1,0.99,0.1,1504,7.0000,10,1
montecarlo,2000,0.1,0.99,0.1,1505,8.1000,9,1
montecarlo,2000,0.1,0.99,0.1,1506,9.2000,8,1
montecarlo,2000,0.1,0.99,0.1,1507,8.8000,12,1
montecarlo,2000,0.1,0.99,0.1,1508,9.2000,8,1
montecarlo,2000,0.1,0.99,0.1,1509,9.0000,10,1
montecarlo,2000,0.1,0.99,0.1,1510,9.2000,8,1
montecarlo,2000,0.1,0.99,0.1,1511,9.2000,8,1
montecarlo,2000,0.1,0.99,0.1,1512,8.1000,9,1
montecarlo,2000,0.1,0.99,0.1,1513,8.1000,9,1
montecarlo,2000,0.1,0.99,0.1,1514,9.2000,8,1
montecarlo,2000,0.1,0.99,0.1,1515,9.0000,10,1
montecarlo,2000,0.1,0.99,0.1,1516,9.0000,10,1
montecarlo,2000,0.1,0.99,0.1,1517,9.2000,8,1
montecarlo,2000,0.1,0.99,0.1,1518,9.2000,8,1
montecarlo,2000,0.1,0.99,0.1,1519,9.2000,8,1
montecarlo,2000,0.1,0.99,0.1,1520,9.2000,8,1
montecarlo,2000,0.1,0.99,0.1,1521,8.1000,9,1
montecarlo,2000,0.1,0.99,0.1,1522,9.2000,8,1
montecarlo,2000,0.1,0.99,0.1,1523,9.2000,8,1
montecarlo,2000,0.1,0.99,0.1,1524,9.0000,10,1
montecarlo,2000,0.1,0.99,0.1,1525,9.2000,8,1
montecarlo,2000,0.1,0.99,0.1,1526,8.1000,9,1
montecarlo,2000,0.1,0.99,0.1,1527,9.2000,8,1
montecarlo,2000,0.1,0.99,0.1,1528,9.2000,8,1
montecarlo,2000,0.1,0.99,0.1,1529,9.2000,8,1
montecarlo,2000,0.1,0.99,0.1,1530,9.2000,8,1
montecarlo,2000,0.1,0.99,0.1,1531,9.2000,8,1
montecarlo,2000,0.1,0.99,0.1,1532,9.2000,8,1
montecarlo,2000,0.1,0.99,0.1,1533,8.1000,9,1
montecarlo,2000,0.1,0.99,0.1,1534,9.0000,10,1
montecarlo,2000,0.1,0.99,0.1,1535,9.2000,8,1
montecarlo,2000,0.1,0.99,0.1,1536,9.2000,8,1
montecarlo,2000,0.1,0.99,0.1,1537,9.2000,8,1
montecarlo,2000,0.1,0.99,0.1,1538,9.0000,10,1
montecarlo,2000,0.1,0.99,0.1,1539,9.0000,10,1
montecarlo,2000,0.1,0.99,0.1,1540,9.2000,8,1
montecarlo,2000,0.1,0.99,0.1,1541,8.1000,9,1
montecarlo,2000,0.1,0.99,0.1,1542,9.2000,8,1
montecarlo,2000,0.1,0.99,0.1,1543,9.2000,8,1
montecarlo,2000,0.1,0.99,0.1,1544,9.2000,8,1
montecarlo,2000,0.1,0.99,0.1,1545,9.2000,8,1
montecarlo,2000,0.1,0.99,0.1,1546,9.2000,8,1
montecarlo,2000,0.1,0.99,0.1,1547,9.2000,8,1
montecarlo,2000,0.1,0.99,0.1,1548,9.2000,8,1
montecarlo,2000,0.1,0.99,0.1,1549,9.2000,8,1
montecarlo,2000,0.1,0.99,0.1,1550,9.0000,10,1
montecarlo,2000,0.1,0.99,0.1,1551,5.9000,11,1
montecarlo,2000,0.1,0.99,0.1,1552,8.1000,9,1
montecarlo,2000,0.1,0.99,0.1,1553,8.1000,9,1
montecarlo,2000,0.1,0.99,0.1,1554,9.2000,8,1
montecarlo,2000,0.1,0.99,0.1,1555,8.1000,9,1
montecarlo,2000,0.1,0.99,0.1,1556,9.2000,8,1
montecarlo,2000,0.1,0.99,0.1,1557,9.2000,8,1
montecarlo,2000,0.1,0.99,0.1,1558,8.8000,12,1
montecarlo,2000,0.1,0.99,0.1,1559,9.2000,8,1
montecarlo,2000,0.1,0.99,0.1,1560,9.2000,8,1
montecarlo,2000,0.1,0.99,0.1,1561,9.0000,10,1
montecarlo,2000,0.1,0.99,0.1,1562,9.2000,8,1
montecarlo,2000,0.1,0.99,0.1,1563,9.2000,8,1
montecarlo,2000,0.1,0.99,0.1,1564,9.0000,10,1
montecarlo,2000,0.1,0.99,0.1,1565,9.2000,8,1
montecarlo,2000,0.1,0.99,0.1,1566,7.9000,11,1
montecarlo,2000,0.1,0.99,0.1,1567,7.0000,10,1
montecarlo,2000,0.1,0.99,0.1,1568,6.6000,14,1
montecarlo,2000,0.1,0.99,0.1,1569,7.0000,10,1
montecarlo,2000,0.1,0.99,0.1,1570,9.2000,8,1
montecarlo,2000,0.1,0.99,0.1,1571,9.2000,8,1
montecarlo,2000,0.1,0.99,0.1,1572,8.1000,9,1
montecarlo,2000,0.1,0.99,0.1,1573,9.2000,8,1
montecarlo,2000,0.1,0.99,0.1,1574,9.2000,8,1
montecarlo,2000,0.1,0.99,0.1,1575,9.2000,8,1
montecarlo,2000,0.1,0.99,0.1,1576,9.2000,8,1
montecarlo,2000,0.1,0.99,0.1,1577,9.2000,8,1
montecarlo,2000,0.1,0.99,0.1,1578,8.1000,9,1
montecarlo,2000,0.1,0.99,0.1,1579,8.1000,9,1
montecarlo,2000,0.1,0.99,0.1,1580,8.8000,12,1
montecarlo,2000,0.1,0.99,0.1,1581,9.2000,8,1
montecarlo,2000,0.1,0.99,0.1,1582,9.2000,8,1
montecarlo,2000,0.1,0.99,0.1,1583,9.2000,8,1
montecarlo,2000,0.1,0.99,0.1,1584,7.9000,11,1
montecarlo,2000,0.1,0.99,0.1,1585,9.2000,8,1
montecarlo,2000,0.1,0.99,0.1,1586,9.2000,8,1
montecarlo,2000,0.1,0.99,0.1,1587,9.2000,8,1
montecarlo,2000,0.1,0.99,0.1,1588,7.9000,11,1
montecarlo,2000,0.1,0.99,0.1,1589,9.0000,10,1
montecarlo,2000,0.1,0.99,0.1,1590,9.2000,8,1
montecarlo,2000,0.1,0.99,0.1,1591,9.2000,8,1
montecarlo,2000,0.1,0.99,0.1,1592,8.1000,9,1
montecarlo,2000,0.1,0.99,0.1,1593,9.2000,8,1
montecarlo,2000,0.1,0.99,0.1,1594,7.0000,10,1
montecarlo,2000,0.1,0.99,0.1,1595,9.2000,8,1
montecarlo,2000,0.1,0.99,0.1,1596,9.2000,8,1
montecarlo,2000,0.1,0.99,0.1,1597,7.0000,10,1
montecarlo,2000,0.1,0.99,0.1,1598,9.2000,8,1
montecarlo,2000,0.1,0.99,0.1,1599,9.2000,8,1
montecarlo,2000,0.1,0.99,0.1,1600,9.2000,8,1
montecarlo,2000,0.1,0.99,0.1,1601,9.0000,10,1
montecarlo,2000,0.1,0.99,0.1,1602,9.2000,8,1
montecarlo,2000,0.1,0.99,0.1,1603,9.2000,8,1
montecarlo,2000,0.1,0.99,0.1,1604,9.2000,8,1
montecarlo,2000,0.1,0.99,0.1,1605,8.8000,12,1
montecarlo,2000,0.1,0.99,0.1,1606,9.0000,10,1
montecarlo,2000,0.1,0.99,0.1,1607,8.1000,9,1
montecarlo,2000,0.1,0.99,0.1,1608,8.8000,12,1
montecarlo,2000,0.1,0.99,0.1,1609,8.1000,9,1
montecarlo,2000,0.1,0.99,0.1,1610,7.7000,13,1
montecarlo,2000,0.1,0.99,0.1,1611,9.2000,8,1
montecarlo,2000,0.1,0.99,0.1,1612,9.0000,10,1
montecarlo,2000,0.1,0.99,0.1,1613,9.2000,8,1
montecarlo,2000,0.1,0.99,0.1,1614,8.1000,9,1
montecarlo,2000,0.1,0.99,0.1,1615,8.1000,9,1
montecarlo,2000,0.1,0.99,0.1,1616,9.2000,8,1
montecarlo,2000,0.1,0.99,0.1,1617,9.2000,8,1
montecarlo,2000,0.1,0.99,0.1,1618,9.0000,10,1
montecarlo,2000,0.1,0.99,0.1,1619,8.1000,9,1
montecarlo,2000,0.1,0.99,0.1,1620,8.1000,9,1
montecarlo,2000,0.1,0.99,0.1,1621,9.2000,8,1
montecarlo,2000,0.1,0.99,0.1,1622,9.2000,8,1
montecarlo,2000,0.1,0.99,0.1,1623,9.2000,8,1
montecarlo,2000,0.1,0.99,0.1,1624,9.2000,8,1
montecarlo,2000,0.1,0.99,0.1,1625,9.2000,8,1
montecarlo,2000,0.1,0.99,0.1,1626,7.9000,11,1
montecarlo,2000,0.1,0.99,0.1,1627,7.9000,11,1
montecarlo,2000,0.1,0.99,0.1,1628,7.9000,11,1
montecarlo,2000,0.1,0.99,0.1,1629,9.0000,10,1
montecarlo,2000,0.1,0.99,0.1,1630,9.2000,8,1
montecarlo,2000,0.1,0.99,0.1,1631,8.1000,9,1
montecarlo,2000,0.1,0.99,0.1,1632,9.2000,8,1
montecarlo,2000,0.1,0.99,0.1,1633,9.2000,8,1
montecarlo,2000,0.1,0.99,0.1,1634,8.8000,12,1
montecarlo,2000,0.1,0.99,0.1,1635,9.2000,8,1
montecarlo,2000,0.1,0.99,0.1,1636,9.2000,8,1
montecarlo,2000,0.1,0.99,0.1,1637,9.2000,8,1
montecarlo,2000,0.1,0.99,0.1,1638,9.2000,8,1
montecarlo,2000,0.1,0.99,0.1,1639,7.9000,11,1
montecarlo,2000,0.1,0.99,0.1,1640,9.2000,8,1
montecarlo,2000,0.1,0.99,0.1,1641,8.1000,9,1
montecarlo,2000,0.1,0.99,0.1,1642,9.2000,8,1
montecarlo,2000,0.1,0.99,0.1,1643,9.2000,8,1
montecarlo,2000,0.1,0.99,0.1,1644,9.2000,8,1
montecarlo,2000,0.1,0.99,0.1,1645,9.2000,8,1
montecarlo,2000,0.1,0.99,0.1,1646,9.2000,8,1
montecarlo,2000,0.1,0.99,0.1,1647,8.8000,12,1
montecarlo,2000,0.1,0.99,0.1,1648,9.0000,10,1
montecarlo,2000,0.1,0.99,0.1,1649,8.1000,9,1
montecarlo,2000,0.1,0.99,0.1,1650,9.2000,8,1
montecarlo,2000,0.1,0.99,0.1,1651,9.2000,8,1
montecarlo,2000,0.1,0.99,0.1,1652,9.2000,8,1
montecarlo,2000,0.1,0.99,0.1,1653,8.1000,9,1
montecarlo,2000,0.1,0.99,0.1,1654,9.2000,8,1
montecarlo,2000,0.1,0.99,0.1,1655,9.2000,8,1
montecarlo,2000,0.1,0.99,0.1,1656,9.2000,8,1
montecarlo,2000,0.1,0.99,0.1,1657,9.0000,10,1
montecarlo,2000,0.1,0.99,0.1,1658,9.2000,8,1
montecarlo,2000,0.1,0.99,0.1,1659,9.2000,8,1
montecarlo,2000,0.1,0.99,0.1,1660,8.1000,9,1
montecarlo,2000,0.1,0.99,0.1,1661,9.2000,8,1
montecarlo,2000,0.1,0.99,0.1,1662,9.2000,8,1
montecarlo,2000,0.1,0.99,0.1,1663,9.2000,8,1
montecarlo,2000,0.1,0.99,0.1,1664,9.2000,8,1
montecarlo,2000,0.1,0.99,0.1,1665,8.1000,9,1
montecarlo,2000,0.1,0.99,0.1,1666,9.0000,10,1
montecarlo,2000,0.1,0.99,0.1,1667,9.0000,10,1
montecarlo,2000,0.1,0.99,0.1,1668,9.2000,8,1
montecarlo,2000,0.1,0.99,0.1,1669,9.2000,8,1
montecarlo,2000,0.1,0.99,0.1,1670,9.2000,8,1
montecarlo,2000,0.1,0.99,0.1,1671,9.2000,8,1
montecarlo,2000,0.1,0.99,0.1,1672,9.2000,8,1
montecarlo,2000,0.1,0.99,0.1,1673,6.8000,12,1
montecarlo,2000,0.1,0.99,0.1,1674,9.2000,8,1
montecarlo,2000,0.1,0.99,0.1,1675,8.1000,9,1
montecarlo,2000,0.1,0.99,0.1,1676,9.2000,8,1
montecarlo,2000,0.1,0.99,0.1,1677,9.0000,10,1
montecarlo,2000,0.1,0.99,0.1,1678,9.2000,8,1
montecarlo,2000,0.1,0.99,0.1,1679,9.2000,8,1
montecarlo,2000,0.1,0.99,0.1,1680,9.2000,8,1
montecarlo,2000,0.1,0.99,0.1,1681,9.2000,8,1
montecarlo,2000,0.1,0.99,0.1,1682,9.2000,8,1
montecarlo,2000,0.1,0.99,0.1,1683,9.0000,10,1
montecarlo,2000,0.1,0.99,0.1,1684,9.2000,8,1
montecarlo,2000,0.1,0.99,0.1,1685,7.7000,13,1
montecarlo,2000,0.1,0.99,0.1,1686,7.9000,11,1
montecarlo,2000,0.1,0.99,0.1,1687,9.2000,8,1
montecarlo,2000,0.1,0.99,0.1,1688,9.2000,8,1
montecarlo,2000,0.1,0.99,0.1,1689,7.9000,11,1
montecarlo,2000,0.1,0.99,0.1,1690,9.0000,10,1
montecarlo,2000,0.1,0.99,0.1,1691,8.1000,9,1
montecarlo,2000,0.1,0.99,0.1,1692,9.2000,8,1
montecarlo,2000,0.1,0.99,0.1,1693,9.2000,8,1
montecarlo,2000,0.1,0.99,0.1,1694,8.8000,12,1
montecarlo,2000,0.1,0.99,0.1,1695,9.2000,8,1
montecarlo,2000,0.1,0.99,0.1,1696,9.2000,8,1
montecarlo,2000,0.1,0.99,0.1,1697,9.2000,8,1
montecarlo,2000,0.1,0.99,0.1,1698,9.2000,8,1
montecarlo,2000,0.1,0.99,0.1,1699,9.2000,8,1
montecarlo,2000,0.1,0.99,0.1,1700,9.0000,10,1
montecarlo,2000,0.1,0.99,0.1,1701,9.0000,10,1
montecarlo,2000,0.1,0.99,0.1,1702,9.0000,10,1
montecarlo,2000,0.1,0.99,0.1,1703,7.9000,11,1
montecarlo,2000,0.1,0.99,0.1,1704,9.0000,10,1
montecarlo,2000,0.1,0.99,0.1,1705,9.2000,8,1
montecarlo,2000,0.1,0.99,0.1,1706,9.2000,8,1
montecarlo,2000,0.1,0.99,0.1,1707,8.4000,16,1
montecarlo,2000,0.1,0.99,0.1,1708,9.2000,8,1
montecarlo,2000,0.1,0.99,0.1,1709,9.0000,10,1
montecarlo,2000,0.1,0.99,0.1,1710,9.2000,8,1
montecarlo,2000,0.1,0.99,0.1,1711,9.2000,8,1
montecarlo,2000,0.1,0.99,0.1,1712,9.2000,8,1
montecarlo,2000,0.1,0.99,0.1,1713,9.2000,8,1
montecarlo,2000,0.1,0.99,0.1,1714,9.2000,8,1
montecarlo,2000,0.1,0.99,0.1,1715,7.9000,11,1
montecarlo,2000,0.1,0.99,0.1,1716,9.2000,8,1
montecarlo,2000,0.1,0.99,0.1,1717,9.2000,8,1
montecarlo,2000,0.1,0.99,0.1,1718,9.2000,8,1
montecarlo,2000,0.1,0.99,0.1,1719,9.2000,8,1
montecarlo,2000,0.1,0.99,0.1,1720,8.1000,9,1
montecarlo,2000,0.1,0.99,0.1,1721,7.0000,10,1
montecarlo,2000,0.1,0.99,0.1,1722,8.8000,12,1
montecarlo,2000,0.1,0.99,0.1,1723,7.7000,13,1
montecarlo,2000,0.1,0.99,0.1,1724,8.1000,9,1
montecarlo,2000,0.1,0.99,0.1,1725,9.2000,8,1
montecarlo,2000,0.1,0.99,0.1,1726,9.0000,10,1
montecarlo,2000,0.1,0.99,0.1,1727,7.9000,11,1
montecarlo,2000,0.1,0.99,0.1,1728,8.1000,9,1
montecarlo,2000,0.1,0.99,0.1,1729,9.2000,8,1
montecarlo,2000,0.1,0.99,0.1,1730,8.8000,12,1
montecarlo,2000,0.1,0.99,0.1,1731,9.2000,8,1
montecarlo,2000,0.1,0.99,0.1,1732,9.0000,10,1
montecarlo,2000,0.1,0.99,0.1,1733,9.2000,8,1
montecarlo,2000,0.1,0.99,0.1,1734,9.2000,8,1
montecarlo,2000,0.1,0.99,0.1,1735,9.2000,8,1
montecarlo,2000,0.1,0.99,0.1,1736,9.2000,8,1
montecarlo,2000,0.1,0.99,0.1,1737,9.2000,8,1
montecarlo,2000,0.1,0.99,0.1,1738,9.2000,8,1
montecarlo,2000,0.1,0.99,0.1,1739,8.1000,9,1
montecarlo,2000,0.1,0.99,0.1,1740,9.2000,8,1
montecarlo,2000,0.1,0.99,0.1,1741,9.2000,8,1
montecarlo,2000,0.1,0.99,0.1,1742,8.1000,9,1
montecarlo,2000,0.1,0.99,0.1,1743,9.2000,8,1
montecarlo,2000,0.1,0.99,0.1,1744,9.0000,10,1
montecarlo,2000,0.1,0.99,0.1,1745,9.2000,8,1
montecarlo,2000,0.1,0.99,0.1,1746,8.1000,9,1
montecarlo,2000,0.1,0.99,0.1,1747,7.9000,11,1
montecarlo,2000,0.1,0.99,0.1,1748,9.2000,8,1
montecarlo,2000,0.1,0.99,0.1,1749,7.0000,10,1
montecarlo,2000,0.1,0.99,0.1,1750,8.1000,9,1
montecarlo,2000,0.1,0.99,0.1,1751,9.2000,8,1
montecarlo,2000,0.1,0.99,0.1,1752,9.0000,10,1
montecarlo,2000,0.1,0.99,0.1,1753,8.1000,9,1
montecarlo,2000,0.1,0.99,0.1,1754,9.2000,8,1
montecarlo,2000,0.1,0.99,0.1,1755,8.1000,9,1
montecarlo,2000,0.1,0.99,0.1,1756,9.2000,8,1
montecarlo,2000,0.1,0.99,0.1,1757,8.1000,9,1
montecarlo,2000,0.1,0.99,0.1,1758,9.2000,8,1
montecarlo,2000,0.1,0.99,0.1,1759,8.6000,14,1
montecarlo,2000,0.1,0.99,0.1,1760,9.2000,8,1
montecarlo,2000,0.1,0.99,0.1,1761,8.1000,9,1
montecarlo,2000,0.1,0.99,0.1,1762,9.2000,8,1
montecarlo,2000,0.1,0.99,0.1,1763,9.0000,10,1
montecarlo,2000,0.1,0.99,0.1,1764,8.2000,18,1
montecarlo,2000,0.1,0.99,0.1,1765,9.2000,8,1
montecarlo,2000,0.1,0.99,0.1,1766,7.3000,17,1
montecarlo,2000,0.1,0.99,0.1,1767,8.1000,9,1
montecarlo,2000,0.1,0.99,0.1,1768,9.0000,10,1
montecarlo,2000,0.1,0.99,0.1,1769,8.8000,12,1
montecarlo,2000,0.1,0.99,0.1,1770,9.2000,8,1
montecarlo,2000,0.1,0.99,0.1,1771,9.2000,8,1
montecarlo,2000,0.1,0.99,0.1,1772,9.2000,8,1
montecarlo,2000,0.1,0.99,0.1,1773,9.2000,8,1
montecarlo,2000,0.1,0.99,0.1,1774,9.0000,10,1
montecarlo,2000,0.1,0.99,0.1,1775,8.1000,9,1
montecarlo,2000,0.1,0.99,0.1,1776,9.0000,10,1
montecarlo,2000,0.1,0.99,0.1,1777,9.2000,8,1
montecarlo,2000,0.1,0.99,0.1,1778,9.2000,8,1
montecarlo,2000,0.1,0.99,0.1,1779,9.2000,8,1
montecarlo,2000,0.1,0.99,0.1,1780,9.2000,8,1
montecarlo,2000,0.1,0.99,0.1,1781,9.2000,8,1
montecarlo,2000,0.1,0.99,0.1,1782,8.1000,9,1
montecarlo,2000,0.1,0.99,0.1,1783,9.2000,8,1
montecarlo,2000,0.1,0.99,0.1,1784,9.0000,10,1
montecarlo,2000,0.1,0.99,0.1,1785,9.2000,8,1
montecarlo,2000,0.1,0.99,0.1,1786,9.2000,8,1
montecarlo,2000,0.1,0.99,0.1,1787,8.8000,12,1
montecarlo,2000,0.1,0.99,0.1,1788,9.2000,8,1
montecarlo,2000,0.1,0.99,0.1,1789,7.9000,11,1
montecarlo,2000,0.1,0.99,0.1,1790,9.2000,8,1
montecarlo,2000,0.1,0.99,0.1,1791,9.2000,8,1
montecarlo,2000,0.1,0.99,0.1,1792,9.0000,10,1
montecarlo,2000,0.1,0.99,0.1,1793,9.2000,8,1
montecarlo,2000,0.1,0.99,0.1,1794,9.0000,10,1
montecarlo,2000,0.1,0.99,0.1,1795,9.0000,10,1
montecarlo,2000,0.1,0.99,0.1,1796,9.2000,8,1
montecarlo,2000,0.1,0.99,0.1,1797,7.5000,15,1
montecarlo,2000,0.1,0.99,0.1,1798,9.2000,8,1
montecarlo,2000,0.1,0.99,0.1,1799,9.0000,10,1
montecarlo,2000,0.1,0.99,0.1,1800,9.0000,10,1
montecarlo,2000,0.1,0.99,0.1,1801,9.2000,8,1
montecarlo,2000,0.1,0.99,0.1,1802,9.2000,8,1
montecarlo,2000,0.1,0.99,0.1,1803,9.2000,8,1
montecarlo,2000,0.1,0.99,0.1,1804,9.2000,8,1
montecarlo,2000,0.1,0.99,0.1,1805,8.1000,9,1
montecarlo,2000,0.1,0.99,0.1,1806,9.2000,8,1
montecarlo,2000,0.1,0.99,0.1,1807,9.2000,8,1
montecarlo,2000,0.1,0.99,0.1,1808,9.2000,8,1
montecarlo,2000,0.1,0.99,0.1,1809,8.1000,9,1
montecarlo,2000,0.1,0.99,0.1,1810,8.8000,12,1
montecarlo,2000,0.1,0.99,0.1,1811,9.2000,8,1
montecarlo,2000,0.1,0.99,0.1,1812,9.2000,8,1
montecarlo,2000,0.1,0.99,0.1,1813,8.1000,9,1
montecarlo,2000,0.1,0.99,0.1,1814,9.2000,8,1
montecarlo,2000,0.1,0.99,0.1,1815,8.1000,9,1
montecarlo,2000,0.1,0.99,0.1,1816,8.1000,9,1
montecarlo,2000,0.1,0.99,0.1,1817,9.0000,10,1
montecarlo,2000,0.1,0.99,0.1,1818,8.1000,9,1
montecarlo,2000,0.1,0.99,0.1,1819,9.0000,10,1
montecarlo,2000,0.1,0.99,0.1,1820,9.2000,8,1
montecarlo,2000,0.1,0.99,0.1,1821,8.1000,9,1
montecarlo,2000,0.1,0.99,0.1,1822,7.9000,11,1
montecarlo,2000,0.1,0.99,0.1,1823,9.2000,8,1
montecarlo,2000,0.1,0.99,0.1,1824,9.2000,8,1
montecarlo,2000,0.1,0.99,0.1,1825,9.2000,8,1
montecarlo,2000,0.1,0.99,0.1,1826,7.9000,11,1
montecarlo,2000,0.1,0.99,0.1,1827,9.2000,8,1
montecarlo,2000,0.1,0.99,0.1,1828,9.2000,8,1
montecarlo,2000,0.1,0.99,0.1,1829,6.8000,12,1
montecarlo,2000,0.1,0.99,0.1,1830,5.7000,13,1
montecarlo,2000,0.1,0.99,0.1,1831,9.2000,8,1
montecarlo,2000,0.1,0.99,0.1,1832,9.2000,8,1
montecarlo,2000,0.1,0.99,0.1,1833,9.0000,10,1
montecarlo,2000,0.1,0.99,0.1,1834,9.2000,8,1
montecarlo,2000,0.1,0.99,0.1,1835,9.2000,8,1
montecarlo,2000,0.1,0.99,0.1,1836,9.0000,10,1
montecarlo,2000,0.1,0.99,0.1,1837,7.9000,11,1
montecarlo,2000,0.1,0.99,0.1,1838,9.2000,8,1
montecarlo,2000,0.1,0.99,0.1,1839,9.2000,8,1
montecarlo,2000,0.1,0.99,0.1,1840,9.2000,8,1
montecarlo,2000,0.1,0.99,0.1,1841,9.0000,10,1
montecarlo,2000,0.1,0.99,0.1,1842,9.2000,8,1
montecarlo,2000,0.1,0.99,0.1,1843,9.2000,8,1
montecarlo,2000,0.1,0.99,0.1,1844,7.3000,17,1
montecarlo,2000,0.1,0.99,0.1,1845,9.2000,8,1
montecarlo,2000,0.1,0.99,0.1,1846,8.1000,9,1
montecarlo,2000,0.1,0.99,0.1,1847,9.2000,8,1
montecarlo,2000,0.1,0.99,0.1,1848,9.2000,8,1
montecarlo,2000,0.1,0.99,0.1,1849,7.3000,17,1
montecarlo,2000,0.1,0.99,0.1,1850,8.4000,16,1
montecarlo,2000,0.1,0.99,0.1,1851,9.2000,8,1
montecarlo,2000,0.1,0.99,0.1,1852,9.2000,8,1
montecarlo,2000,0.1,0.99,0.1,1853,9.2000,8,1
montecarlo,2000,0.1,0.99,0.1,1854,9.2000,8,1
montecarlo,2000,0.1,0.99,0.1,1855,9.2000,8,1
montecarlo,2000,0.1,0.99,0.1,1856,8.8000,12,1
montecarlo,2000,0.1,0.99,0.1,1857,9.2000,8,1
montecarlo,2000,0.1,0.99,0.1,1858,9.2000,8,1
montecarlo,2000,0.1,0.99,0.1,1859,9.2000,8,1
montecarlo,2000,0.1,0.99,0.1,1860,9.2000,8,1
montecarlo,2000,0.1,0.99,0.1,1861,9.0000,10,1
montecarlo,2000,0.1,0.99,0.1,1862,9.2000,8,1
montecarlo,2000,0.1,0.99,0.1,1863,9.0000,10,1
montecarlo,2000,0.1,0.99,0.1,1864,9.2000,8,1
montecarlo,2000,0.1,0.99,0.1,1865,9.2000,8,1
montecarlo,2000,0.1,0.99,0.1,1866,9.2000,8,1
montecarlo,2000,0.1,0.99,0.1,1867,9.2000,8,1
montecarlo,2000,0.1,0.99,0.1,1868,9.2000,8,1
montecarlo,2000,0.1,0.99,0.1,1869,9.2000,8,1
montecarlo,2000,0.1,0.99,0.1,1870,9.2000,8,1
montecarlo,2000,0.1,0.99,0.1,1871,9.2000,8,1
montecarlo,2000,0.1,0.99,0.1,1872,9.2000,8,1
montecarlo,2000,0.1,0.99,0.1,1873,9.2000,8,1
montecarlo,2000,0.1,0.99,0.1,1874,9.2000,8,1
montecarlo,2000,0.1,0.99,0.1,1875,6.8000,12,1
montecarlo,2000,0.1,0.99,0.1,1876,8.1000,9,1
montecarlo,2000,0.1,0.99,0.1,1877,9.2000,8,1
montecarlo,2000,0.1,0.99,0.1,1878,9.0000,10,1
montecarlo,2000,0.1,0.99,0.1,1879,9.2000,8,1
montecarlo,2000,0.1,0.99,0.1,1880,7.9000,11,1
montecarlo,2000,0.1,0.99,0.1,1881,9.0000,10,1
montecarlo,2000,0.1,0.99,0.1,1882,9.2000,8,1
montecarlo,2000,0.1,0.99,0.1,1883,9.2000,8,1
montecarlo,2000,0.1,0.99,0.1,1884,9.2000,8,1
montecarlo,2000,0.1,0.99,0.1,1885,9.2000,8,1
montecarlo,2000,0.1,0.99,0.1,1886,9.2000,8,1
montecarlo,2000,0.1,0.99,0.1,1887,9.2000,8,1
montecarlo,2000,0.1,0.99,0.1,1888,8.1000,9,1
montecarlo,2000,0.1,0.99,0.1,1889,9.0000,10,1
montecarlo,2000,0.1,0.99,0.1,1890,8.1000,9,1
montecarlo,2000,0.1,0.99,0.1,1891,9.0000,10,1
montecarlo,2000,0.1,0.99,0.1,1892,8.8000,12,1
montecarlo,2000,0.1,0.99,0.1,1893,7.0000,10,1
montecarlo,2000,0.1,0.99,0.1,1894,9.0000,10,1
montecarlo,2000,0.1,0.99,0.1,1895,5.9000,11,1
montecarlo,2000,0.1,0.99,0.1,1896,9.2000,8,1
montecarlo,2000,0.1,0.99,0.1,1897,9.2000,8,1
montecarlo,2000,0.1,0.99,0.1,1898,9.2000,8,1
montecarlo,2000,0.1,0.99,0.1,1899,8.8000,12,1
montecarlo,2000,0.1,0.99,0.1,1900,7.7000,13,1
montecarlo,2000,0.1,0.99,0.1,1901,9.0000,10,1
montecarlo,2000,0.1,0.99,0.1,1902,7.0000,10,1
montecarlo,2000,0.1,0.99,0.1,1903,9.2000,8,1
montecarlo,2000,0.1,0.99,0.1,1904,8.1000,9,1
montecarlo,2000,0.1,0.99,0.1,1905,7.7000,13,1
montecarlo,2000,0.1,0.99,0.1,1906,9.2000,8,1
montecarlo,2000,0.1,0.99,0.1,1907,9.2000,8,1
montecarlo,2000,0.1,0.99,0.1,1908,6.6000,14,1
montecarlo,2000,0.1,0.99,0.1,1909,9.2000,8,1
montecarlo,2000,0.1,0.99,0.1,1910,7.9000,11,1
montecarlo,2000,0.1,0.99,0.1,1911,9.2000,8,1
montecarlo,2000,0.1,0.99,0.1,1912,7.9000,11,1
montecarlo,2000,0.1,0.99,0.1,1913,9.0000,10,1
montecarlo,2000,0.1,0.99,0.1,1914,9.2000,8,1
montecarlo,2000,0.1,0.99,0.1,1915,9.2000,8,1
montecarlo,2000,0.1,0.99,0.1,1916,9.0000,10,1
montecarlo,2000,0.1,0.99,0.1,1917,9.2000,8,1
montecarlo,2000,0.1,0.99,0.1,1918,9.2000,8,1
montecarlo,2000,0.1,0.99,0.1,1919,9.2000,8,1
montecarlo,2000,0.1,0.99,0.1,1920,8.1000,9,1
montecarlo,2000,0.1,0.99,0.1,1921,7.9000,11,1
montecarlo,2000,0.1,0.99,0.1,1922,9.2000,8,1
montecarlo,2000,0.1,0.99,0.1,1923,9.2000,8,1
montecarlo,2000,0.1,0.99,0.1,1924,9.2000,8,1
montecarlo,2000,0.1,0.99,0.1,1925,7.9000,11,1
montecarlo,2000,0.1,0.99,0.1,1926,9.2000,8,1
montecarlo,2000,0.1,0.99,0.1,1927,8.1000,9,1
montecarlo,2000,0.1,0.99,0.1,1928,9.2000,8,1
montecarlo,2000,0.1,0.99,0.1,1929,9.2000,8,1
montecarlo,2000,0.1,0.99,0.1,1930,9.0000,10,1
montecarlo,2000,0.1,0.99,0.1,1931,9.2000,8,1
montecarlo,2000,0.1,0.99,0.1,1932,9.2000,8,1
montecarlo,2000,0.1,0.99,0.1,1933,9.2000,8,1
montecarlo,2000,0.1,0.99,0.1,1934,8.1000,9,1
montecarlo,2000,0.1,0.99,0.1,1935,9.0000,10,1
montecarlo,2000,0.1,0.99,0.1,1936,9.0000,10,1
montecarlo,2000,0.1,0.99,0.1,1937,8.6000,14,1
montecarlo,2000,0.1,0.99,0.1,1938,9.2000,8,1
montecarlo,2000,0.1,0.99,0.1,1939,9.0000,10,1
montecarlo,2000,0.1,0.99,0.1,1940,6.8000,12,1
montecarlo,2000,0.1,0.99,0.1,1941,8.1000,9,1
montecarlo,2000,0.1,0.99,0.1,1942,9.2000,8,1
montecarlo,2000,0.1,0.99,0.1,1943,8.8000,12,1
montecarlo,2000,0.1,0.99,0.1,1944,9.2000,8,1
montecarlo,2000,0.1,0.99,0.1,1945,8.1000,9,1
montecarlo,2000,0.1,0.99,0.1,1946,9.2000,8,1
montecarlo,2000,0.1,0.99,0.1,1947,7.5000,15,1
montecarlo,2000,0.1,0.99,0.1,1948,9.2000,8,1
montecarlo,2000,0.1,0.99,0.1,1949,9.0000,10,1
montecarlo,2000,0.1,0.99,0.1,1950,8.1000,9,1
montecarlo,2000,0.1,0.99,0.1,1951,9.2000,8,1
montecarlo,2000,0.1,0.99,0.1,1952,9.2000,8,1
montecarlo,2000,0.1,0.99,0.1,1953,9.2000,8,1
montecarlo,2000,0.1,0.99,0.1,1954,9.2000,8,1
montecarlo,2000,0.1,0.99,0.1,1955,9.2000,8,1
montecarlo,2000,0.1,0.99,0.1,1956,7.0000,10,1
montecarlo,2000,0.1,0.99,0.1,1957,9.2000,8,1
montecarlo,2000,0.1,0.99,0.1,1958,9.0000,10,1
montecarlo,2000,0.1,0.99,0.1,1959,9.2000,8,1
montecarlo,2000,0.1,0.99,0.1,1960,9.2000,8,1
montecarlo,2000,0.1,0.99,0.1,1961,9.2000,8,1
montecarlo,2000,0.1,0.99,0.1,1962,9.2000,8,1
montecarlo,2000,0.1,0.99,0.1,1963,9.2000,8,1
montecarlo,2000,0.1,0.99,0.1,1964,9.2000,8,1
montecarlo,2000,0.1,0.99,0.1,1965,8.1000,9,1
montecarlo,2000,0.1,0.99,0.1,1966,9.0000,10,1
montecarlo,2000,0.1,0.99,0.1,1967,9.2000,8,1
montecarlo,2000,0.1,0.99,0.1,1968,9.2000,8,1
montecarlo,2000,0.1,0.99,0.1,1969,9.2000,8,1
montecarlo,2000,0.1,0.99,0.1,1970,9.2000,8,1
montecarlo,2000,0.1,0.99,0.1,1971,8.1000,9,1
montecarlo,2000,0.1,0.99,0.1,1972,9.0000,10,1
montecarlo,2000,0.1,0.99,0.1,1973,9.0000,10,1
montecarlo,2000,0.1,0.99,0.1,1974,9.0000,10,1
montecarlo,2000,0.1,0.99,0.1,1975,7.9000,11,1
montecarlo,2000,0.1,0.99,0.1,1976,6.8000,12,1
montecarlo,2000,0.1,0.99,0.1,1977,9.2000,8,1
montecarlo,2000,0.1,0.99,0.1,1978,9.2000,8,1
montecarlo,2000,0.1,0.99,0.1,1979,9.2000,8,1
montecarlo,2000,0.1,0.99,0.1,1980,9.2000,8,1
montecarlo,2000,0.1,0.99,0.1,1981,9.0000,10,1
montecarlo,2000,0.1,0.99,0.1,1982,8.8000,12,1
montecarlo,2000,0.1,0.99,0.1,1983,9.2000,8,1
montecarlo,2000,0.1,0.99,0.1,1984,9.2000,8,1
montecarlo,2000,0.1,0.99,0.1,1985,8.1000,9,1
montecarlo,2000,0.1,0.99,0.1,1986,9.2000,8,1
montecarlo,2000,0.1,0.99,0.1,1987,8.1000,9,1
montecarlo,2000,0.1,0.99,0.1,1988,9.2000,8,1
montecarlo,2000,0.1,0.99,0.1,1989,8.1000,9,1
montecarlo,2000,0.1,0.99,0.1,1990,9.2000,8,1
montecarlo,2000,0.1,0.99,0.1,1991,6.8000,12,1
montecarlo,2000,0.1,0.99,0.1,1992,9.2000,8,1
montecarlo,2000,0.1,0.99,0.1,1993,7.9000,11,1
montecarlo,2000,0.1,0.99,0.1,1994,9.2000,8,1
montecarlo,2000,0.1,0.99,0.1,1995,9.0000,10,1
montecarlo,2000,0.1,0.99,0.1,1996,9.2000,8,1
montecarlo,2000,0.1,0.99,0.1,1997,9.0000,10,1
montecarlo,2000,0.1,0.99,0.1,1998,9.2000,8,1
montecarlo,2000,0.1,0.99,0.1,1999,9.2000,8,1
montecarlo,2000,0.1,0.99,0.1,2000,9.2000,8,1